# Action contract snapshot: the built-in Manifests' callable actions, one row per capability_id@version.
# Generated by `node scripts/gates/action-contract-snapshot.mjs --update` (pnpm actions:update); do not edit by hand.
# provider is the Manifest's plugin_id; registered_provider is the id the Host registers the action under, which persisted references (workflow
# steps, allowed_actions, scene references) name and the kernel compares (actions.provider_changed). effect is the declared one, or inferred
# from the id (a delete-like id cannot be undone).
# audiences, permissions and subjects (subject kinds) are sorted; input_type and output_type are the semantic types workflows match on.
# input, output and traits are sha256 prefixes: input and output of the JSON Schema without its title/description annotations; traits of
# the rest of the declaration (required actions, undo, background job, sources, execution policy, authorship, ...) without prose and
# presentation. `-` means none.
# A row whose hash changed while its @version did not is a contract that changed under the references that pin it: bump the version, or
# say in the PR why the change cannot break a pinned reference (docs/system/CONTRACT-CHANGES.md). Say what it means for callers.
capability_id	version	provider	registered_provider	operation	kind	scope	effect	scheduling	audiences	permissions	subjects	input_type	output_type	input	output	traits
alchemist.annotations.create	1	io.molis.work.alchemist	io.molis.work.alchemist	command	operation	project	write	-	agent,mcp,user,workflow	alchemist:read,alchemist:write	alchemist	-	-	0715d57827a0	b5e48a58d83e	-
alchemist.annotations.list	1	io.molis.work.alchemist	io.molis.work.alchemist	query	query	project	read	-	agent,mcp,user,workflow	alchemist:read	alchemist	-	-	2a9535fa5002	68adca6374cd	-
alchemist.annotations.resolve	1	io.molis.work.alchemist	io.molis.work.alchemist	command	operation	project	write	-	agent,mcp,user,workflow	alchemist:read,alchemist:write	alchemist	-	-	8081d3eb3674	b5e48a58d83e	-
alchemist.cards.discard	1	io.molis.work.alchemist	io.molis.work.alchemist	command	operation	project	write	-	agent,mcp,user,workflow	alchemist:read,alchemist:write	alchemist	-	-	8081d3eb3674	65f1d29000a2	-
alchemist.cards.get	1	io.molis.work.alchemist	io.molis.work.alchemist	query	query	project	read	-	agent,mcp,user,workflow	alchemist:read	alchemist	-	-	8081d3eb3674	a5768e7e6760	-
alchemist.cards.keep	1	io.molis.work.alchemist	io.molis.work.alchemist	command	operation	project	write	-	agent,mcp,user,workflow	alchemist:read,alchemist:write	alchemist	-	-	8081d3eb3674	781ba8ab116b	-
alchemist.cards.restore	1	io.molis.work.alchemist	io.molis.work.alchemist	command	operation	project	write	-	agent,mcp,user,workflow	alchemist:read,alchemist:write	alchemist	-	-	8081d3eb3674	65f1d29000a2	-
alchemist.conversation.list	1	io.molis.work.alchemist	io.molis.work.alchemist	query	query	project	read	-	agent,mcp,user,workflow	alchemist:read	alchemist	-	-	f973399805c1	846b4800878c	-
alchemist.conversation.send	1	io.molis.work.alchemist	io.molis.work.alchemist	command	operation	project	write	concurrent	agent,mcp,user,workflow	alchemist:generate,alchemist:read,alchemist:write	alchemist	-	-	8fa40e689aa2	fea78105013a	613063238287
alchemist.decisions.create	1	io.molis.work.alchemist	io.molis.work.alchemist	command	operation	project	write	-	agent,mcp,user,workflow	alchemist:read,alchemist:write	alchemist	-	-	d4cb1d48c3b3	2db8953ef2cf	-
alchemist.decisions.list	1	io.molis.work.alchemist	io.molis.work.alchemist	query	query	project	read	-	agent,mcp,user,workflow	alchemist:read	alchemist	-	-	f973399805c1	b601dc36201a	-
alchemist.decisions.workspace	1	io.molis.work.alchemist	io.molis.work.alchemist	query	query	project	read	-	agent,mcp,user,workflow	alchemist:read	alchemist	-	-	e2f42cd53328	0b7c46917098	-
alchemist.direction.subject.read	1	io.molis.work.alchemist	io.molis.work.alchemist	query	query	project	read	concurrent	agent,mcp,plugin,user,workflow	alchemist:read	alchemist-direction	molis.subject-reference.v1	molis.subject-context.v1	56056e2eba4c	db343dd77f37	-
alchemist.directions.create	1	io.molis.work.alchemist	io.molis.work.alchemist	command	operation	project	write	-	agent,mcp,user,workflow	alchemist:read,alchemist:write	alchemist	-	-	ab2abef0ac8c	fd1b58120e4a	-
alchemist.directions.status	1	io.molis.work.alchemist	io.molis.work.alchemist	command	operation	project	write	-	agent,mcp,user,workflow	alchemist:read,alchemist:write	alchemist	-	-	5f049254990d	fd1b58120e4a	-
alchemist.directions.update	1	io.molis.work.alchemist	io.molis.work.alchemist	command	operation	project	write	-	agent,mcp,user,workflow	alchemist:read,alchemist:write	alchemist	-	-	ff09472ed6d1	fd1b58120e4a	-
alchemist.explorations.get	1	io.molis.work.alchemist	io.molis.work.alchemist	query	query	project	read	-	agent,mcp,user,workflow	alchemist:read	alchemist	-	-	8081d3eb3674	ea53df4d0948	-
alchemist.explorations.start	1	io.molis.work.alchemist	io.molis.work.alchemist	command	operation	project	write	-	agent,mcp,user,workflow	alchemist:generate,alchemist:read,alchemist:write	alchemist	-	-	401fc5539cf5	2b8b092b3131	c785a82f12ac
alchemist.idea.subject.read	1	io.molis.work.alchemist	io.molis.work.alchemist	query	query	project	read	concurrent	agent,mcp,plugin,user,workflow	alchemist:read	alchemist-idea	molis.subject-reference.v1	molis.subject-context.v1	56056e2eba4c	db343dd77f37	-
alchemist.ideas.version	1	io.molis.work.alchemist	io.molis.work.alchemist	query	query	project	read	-	agent,mcp,user,workflow	alchemist:read	alchemist	-	-	e2f42cd53328	5bbf0229ac68	-
alchemist.memory.apply	1	io.molis.work.alchemist	io.molis.work.alchemist	command	operation	project	write	-	agent,mcp,user,workflow	alchemist:read,alchemist:write	alchemist	-	-	8081d3eb3674	f8484a40a511	-
alchemist.memory.playbook.disable	1	io.molis.work.alchemist	io.molis.work.alchemist	command	operation	project	write	-	agent,mcp,user,workflow	alchemist:read,alchemist:write	alchemist	-	-	8081d3eb3674	1de2b356a218	-
alchemist.memory.playbook.revise	1	io.molis.work.alchemist	io.molis.work.alchemist	command	operation	project	write	-	agent,mcp,user,workflow	alchemist:read,alchemist:write	alchemist	-	-	9a4d7d168207	1de2b356a218	-
alchemist.memory.propose	1	io.molis.work.alchemist	io.molis.work.alchemist	command	operation	project	write	-	agent,mcp,user,workflow	alchemist:read,alchemist:write	alchemist	-	-	14a9ba2de198	aeab45e1d609	-
alchemist.memory.read	1	io.molis.work.alchemist	io.molis.work.alchemist	query	query	project	read	-	agent,mcp,user,workflow	alchemist:read	alchemist	-	-	f973399805c1	e59fae74bb70	-
alchemist.memory.taste.create	1	io.molis.work.alchemist	io.molis.work.alchemist	command	operation	project	write	-	agent,mcp,user,workflow	alchemist:read,alchemist:write	alchemist	-	-	c65caa2867fc	14409d63d4b1	-
alchemist.memory.taste.disable	1	io.molis.work.alchemist	io.molis.work.alchemist	command	operation	project	write	-	agent,mcp,user,workflow	alchemist:read,alchemist:write	alchemist	-	-	8081d3eb3674	14409d63d4b1	-
alchemist.opportunities.convert	1	io.molis.work.alchemist	io.molis.work.alchemist	command	operation	project	write	-	agent,mcp,user,workflow	alchemist:read,alchemist:write	alchemist	-	-	8081d3eb3674	0f69942ffc47	-
alchemist.opportunities.save	1	io.molis.work.alchemist	io.molis.work.alchemist	command	operation	project	write	-	agent,mcp,user,workflow	alchemist:read,alchemist:write	alchemist	-	-	8081d3eb3674	615d9343d113	-
alchemist.playbook.context	1	io.molis.work.alchemist	io.molis.work.alchemist	query	query	project	read	concurrent	agent,mcp,plugin,user,workflow	alchemist:read	alchemist-playbook	molis.subject-reference.v1	molis.subject-context.v1	56056e2eba4c	db343dd77f37	-
alchemist.proposals.pending	1	io.molis.work.alchemist	io.molis.work.alchemist	query	query	project	read	-	agent,mcp,user,workflow	alchemist:read	alchemist	-	-	f973399805c1	af857f89bac2	-
alchemist.proposals.reject	1	io.molis.work.alchemist	io.molis.work.alchemist	command	operation	project	write	-	agent,mcp,user,workflow	alchemist:read,alchemist:write	alchemist	-	-	8081d3eb3674	aeab45e1d609	-
alchemist.pulse.github	1	io.molis.work.alchemist	io.molis.work.alchemist	query	query	project	read	-	user	alchemist:read	alchemist	-	-	f973399805c1	7e24d8c17838	-
alchemist.pulse.github.configure	1	io.molis.work.alchemist	io.molis.work.alchemist	command	operation	project	write	-	user	alchemist:read,alchemist:write	alchemist	-	-	49b69bb4d285	e40f92449db2	-
alchemist.pulse.reports	1	io.molis.work.alchemist	io.molis.work.alchemist	query	query	project	read	-	agent,mcp,user,workflow	alchemist:read	alchemist	-	-	f973399805c1	d8edecbada2c	-
alchemist.pulse.sources	1	io.molis.work.alchemist	io.molis.work.alchemist	query	query	project	read	-	agent,mcp,user,workflow	alchemist:read	alchemist	-	-	f973399805c1	45a4564ec976	-
alchemist.pulse.sources.configure	1	io.molis.work.alchemist	io.molis.work.alchemist	command	operation	project	write	-	agent,mcp,user,workflow	alchemist:read,alchemist:write	alchemist	-	-	7d8608445ba6	0f4522ac01b1	-
alchemist.pulse.start	1	io.molis.work.alchemist	io.molis.work.alchemist	command	operation	project	write	-	agent,mcp,user,workflow	alchemist:collect,alchemist:read,alchemist:write	alchemist	-	-	22c840cb1d8e	69e7c5eebfec	613063238287
alchemist.research.cancel	1	io.molis.work.alchemist	io.molis.work.alchemist	command	operation	project	write	-	agent,mcp,user,workflow	alchemist:read,alchemist:write	alchemist	-	-	8081d3eb3674	dc958664e166	-
alchemist.research.plan	1	io.molis.work.alchemist	io.molis.work.alchemist	command	operation	project	write	-	agent,mcp,user,workflow	alchemist:read,alchemist:write	alchemist	-	-	fac9e64aafad	5aa25446332c	-
alchemist.research.start	1	io.molis.work.alchemist	io.molis.work.alchemist	command	operation	project	write	-	agent,mcp,user,workflow	alchemist:generate,alchemist:read,alchemist:write	alchemist	-	-	f9801bdeb6a0	dc958664e166	a49dab76f553
alchemist.research.workspace	1	io.molis.work.alchemist	io.molis.work.alchemist	query	query	project	read	-	agent,mcp,user,workflow	alchemist:read	alchemist	-	-	e2f42cd53328	a522ced7357a	-
alchemist.reuse.assess	1	io.molis.work.alchemist	io.molis.work.alchemist	command	operation	project	write	concurrent	agent,mcp,user,workflow	alchemist:generate,alchemist:read,alchemist:write	alchemist	-	-	c9cf4be3bc18	61cfea36ebe2	613063238287
alchemist.reuse.candidates	1	io.molis.work.alchemist	io.molis.work.alchemist	query	query	project	read	-	agent,mcp,user,workflow	alchemist:read	alchemist	-	-	57444687a490	c6d38c936782	-
alchemist.reuse.feedback	1	io.molis.work.alchemist	io.molis.work.alchemist	command	operation	project	write	-	agent,mcp,user,workflow	alchemist:read,alchemist:write	alchemist	-	-	a54b2cc6d7bf	58fdd773a61a	-
alchemist.reuse.publish	1	io.molis.work.alchemist	io.molis.work.alchemist	command	operation	project	write	-	agent,mcp,user,workflow	alchemist:read,alchemist:write	alchemist	-	-	f05e850e90bf	77d04c4e062c	-
alchemist.reuse.receipt	1	io.molis.work.alchemist	io.molis.work.alchemist	query	query	project	read	-	agent,mcp,user,workflow	alchemist:read	alchemist	-	-	e12abee3565f	a53f574db2b7	-
alchemist.reuse.reconcile	1	io.molis.work.alchemist	io.molis.work.alchemist	command	operation	project	write	-	agent,mcp,user,workflow	alchemist:read,alchemist:write	alchemist	-	-	e12abee3565f	a53f574db2b7	-
alchemist.runs.events	1	io.molis.work.alchemist	io.molis.work.alchemist	query	query	project	read	-	agent,mcp,user,workflow	alchemist:read	alchemist	-	-	bab660acde27	c8b9369793f3	-
alchemist.runtime.configure	1	io.molis.work.alchemist	io.molis.work.alchemist	command	operation	project	write	-	agent,mcp,user,workflow	alchemist:read,alchemist:write	alchemist	-	-	e3ccdf8a7db9	4ccc1efad5fa	-
alchemist.runtime.models	1	io.molis.work.alchemist	io.molis.work.alchemist	query	query	project	read	-	agent,mcp,user,workflow	alchemist:read	alchemist	-	-	f973399805c1	003fd47e8628	-
alchemist.runtime.settings	1	io.molis.work.alchemist	io.molis.work.alchemist	query	query	project	read	-	agent,mcp,user,workflow	alchemist:read	alchemist	-	-	f973399805c1	4ccc1efad5fa	-
alchemist.runtime.verify	1	io.molis.work.alchemist	io.molis.work.alchemist	query	query	project	read	-	agent,mcp,user,workflow	alchemist:read	alchemist	-	-	f973399805c1	4ccc1efad5fa	-
alchemist.search.entries	1	io.molis.work.alchemist	io.molis.work.alchemist	query	query	project	read	concurrent	agent,mcp,plugin,user,workflow	alchemist:read	alchemist-direction,alchemist-idea	molis.search.entries.window.v1	molis.search.entries.page.v1	09d161bb4729	501913bfa17f	8a3f9c85d603
alchemist.workspace.export	1	io.molis.work.alchemist	io.molis.work.alchemist	command	operation	project	write	-	agent,mcp,user,workflow	alchemist:read,alchemist:write	alchemist	-	-	e942ab89e9f7	613f1b9fbc22	-
alchemist.workspace.read	1	io.molis.work.alchemist	io.molis.work.alchemist	query	query	project	read	-	agent,mcp,user,workflow	alchemist:read	alchemist	-	-	f973399805c1	84f12c654997	-
artifacts.browse	1	io.molis.work.artifacts	io.molis.work.artifacts	query	query	project	read	-	agent,mcp,user,workflow	artifacts:read	artifact	-	-	0800de271471	424b2c25470d	-
artifacts.content.list	1	io.molis.work.artifacts	io.molis.work.artifacts	query	query	project	read	-	agent,mcp,user,workflow	artifacts:read	artifact	molis.workflow.content.list.input.v1	molis.workflow.content.list.output.v1	d746974fa9af	4f4504a9e9ef	0b7810d4511b
artifacts.content.read	1	io.molis.work.artifacts	io.molis.work.artifacts	query	query	project	read	-	agent,mcp,user,workflow	artifacts:read	artifact	molis.workflow.content.read.input.v1	molis.workflow.content.read.output.v1	340e9001c04b	a92de13478a1	a1666197f459
artifacts.documents.preview	1	io.molis.work.artifacts	io.molis.work.artifacts	query	query	project	read	concurrent	user,workflow	artifacts:read	artifact	molis.artifacts.preview.request.v1	molis.artifacts.preview.v1	b5dd5a809ad7	3197f1792222	5e0374458cf9
artifacts.export	1	io.molis.work.artifacts	io.molis.work.artifacts	query	query	project	read	-	agent,mcp,user,workflow	artifacts:read	artifact	-	-	610de7a569d4	984c1050c338	-
artifacts.files.entries	1	io.molis.work.artifacts	io.molis.work.artifacts	query	query	project	read	concurrent	user	artifacts:read	artifact	molis.files.entries.window.v1	molis.files.entries.page.v1	09d161bb4729	fef9b910b93e	f52791a84678
artifacts.goals.embeds	1	io.molis.work.artifacts	io.molis.work.artifacts	query	query	project	read	-	agent,mcp,user,workflow	artifacts:read	artifact	-	-	148bcf75e74d	ec55c508603a	-
artifacts.import.external	1	io.molis.work.artifacts	io.molis.work.artifacts	command	operation	project	write	concurrent	agent,mcp,user,workflow	artifacts:read,artifacts:write,connectors:document:read	artifact	-	-	f0987372ca07	36d7158e65e8	-
artifacts.import.file	1	io.molis.work.artifacts	io.molis.work.artifacts	command	operation	project	write	concurrent	agent,mcp,user,workflow	artifacts:read,artifacts:write	artifact	-	-	cb0d41195989	36d7158e65e8	-
artifacts.import.sources	1	io.molis.work.artifacts	io.molis.work.artifacts	query	query	project	read	-	agent,mcp,user,workflow	artifacts:read	artifact	-	-	d746974fa9af	1550df385cb3	-
artifacts.links	1	io.molis.work.artifacts	io.molis.work.artifacts	query	query	project	read	-	agent,mcp,user,workflow	artifacts:read	artifact	-	-	610de7a569d4	25a7feef4264	-
artifacts.plugin_inputs	1	io.molis.work.artifacts	io.molis.work.artifacts	query	query	project	read	-	agent,mcp,user,workflow	artifacts:read	artifact	-	-	610de7a569d4	1a4f56d04de4	-
artifacts.plugin_inputs.bind	1	io.molis.work.artifacts	io.molis.work.artifacts	command	operation	project	write	-	user	artifacts:read,artifacts:write	artifact	-	-	5d30245fbb30	1a4f56d04de4	-
artifacts.read	1	io.molis.work.artifacts	io.molis.work.artifacts	query	query	project	read	-	agent,mcp,user,workflow	artifacts:read	artifact	-	-	e139b18194ec	d9adc30c1abc	-
artifacts.references.open	1	io.molis.work.artifacts	io.molis.work.artifacts	query	query	project	read	-	agent,mcp,user,workflow	artifacts:read,workspace:read	artifact	-	-	84081a67f58c	64fbf61ca9ec	-
artifacts.search.entries	1	io.molis.work.artifacts	io.molis.work.artifacts	query	query	project	read	concurrent	agent,mcp,plugin,user,workflow	artifacts:read	artifact	molis.search.entries.window.v1	molis.search.entries.page.v1	09d161bb4729	501913bfa17f	2429110d7c1b
artifacts.subject.read	1	io.molis.work.artifacts	io.molis.work.artifacts	query	query	project	read	concurrent	agent,mcp,user,workflow	artifacts:read	artifact	molis.subject-reference.v1	molis.subject-context.v1	56056e2eba4c	db343dd77f37	5e0374458cf9
characters.actions.catalog	1	io.molis.work.characters	plugin-install-9118333e82adbdf7214fda357f25ff2c	query	query	project	read	-	agent,mcp,user,workflow	artifact:read	character	-	-	d746974fa9af	42fe29f1a110	-
characters.artifacts.preview	1	io.molis.work.characters	plugin-install-9118333e82adbdf7214fda357f25ff2c	query	query	project	read	concurrent	user,workflow	artifact:read	artifact	molis.artifacts.preview.request.v1	molis.artifacts.preview.v1	b5dd5a809ad7	3197f1792222	5e0374458cf9
characters.create	1	io.molis.work.characters	plugin-install-9118333e82adbdf7214fda357f25ff2c	command	operation	project	write	-	agent,mcp,user,workflow	-	character	-	-	d746974fa9af	478e0598d946	-
characters.drafts.file	1	io.molis.work.characters	plugin-install-9118333e82adbdf7214fda357f25ff2c	query	query	project	read	-	user	-	character	-	-	019679b717eb	a2c799262a3c	-
characters.execution	1	io.molis.work.characters	plugin-install-9118333e82adbdf7214fda357f25ff2c	query	query	project	read	-	user	artifact:read	character	-	-	c8e7ccee276b	a2c799262a3c	-
characters.imports.discover	1	io.molis.work.characters	plugin-install-9118333e82adbdf7214fda357f25ff2c	query	query	project	read	-	user	-	character	-	-	a2c799262a3c	ee0505f616d1	-
characters.imports.file	1	io.molis.work.characters	plugin-install-9118333e82adbdf7214fda357f25ff2c	query	query	project	read	-	user	-	character	-	-	1c838445b140	a2c799262a3c	-
characters.imports.import	1	io.molis.work.characters	plugin-install-9118333e82adbdf7214fda357f25ff2c	command	operation	project	write	-	user	-	character	-	-	5f351bc179a1	ff4100ec6bfb	-
characters.launch	1	io.molis.work.characters	plugin-install-9118333e82adbdf7214fda357f25ff2c	command	operation	project	write	-	user	artifact:read	character	-	-	c94cb65f2031	a2c799262a3c	-
characters.list	1	io.molis.work.characters	plugin-install-9118333e82adbdf7214fda357f25ff2c	query	query	project	read	-	agent,mcp,user,workflow	artifact:read	character	-	-	d746974fa9af	e35d0f308bd4	-
characters.publications.file	1	io.molis.work.characters	plugin-install-9118333e82adbdf7214fda357f25ff2c	query	query	project	read	-	user	artifact:read	character	-	-	697fcc6c755e	a2c799262a3c	-
characters.publish	1	io.molis.work.characters	plugin-install-9118333e82adbdf7214fda357f25ff2c	command	operation	project	write	-	agent,mcp,user,workflow	artifact:read,artifact:write	character	-	-	e6533a213e48	ba5e9b539702	-
characters.runs	1	io.molis.work.characters	plugin-install-9118333e82adbdf7214fda357f25ff2c	query	query	project	read	-	user	-	character	-	-	de2f7e460673	16582bf17d8e	-
characters.search.entries	1	io.molis.work.characters	plugin-install-9118333e82adbdf7214fda357f25ff2c	query	query	project	read	concurrent	agent,mcp,plugin,user,workflow	-	character	molis.search.entries.window.v1	molis.search.entries.page.v1	09d161bb4729	501913bfa17f	a3a409432585
characters.state	1	io.molis.work.characters	plugin-install-9118333e82adbdf7214fda357f25ff2c	command	operation	project	write	-	agent,mcp,user,workflow	-	character	-	-	a1b10c56536a	478e0598d946	-
characters.subject.read	1	io.molis.work.characters	plugin-install-9118333e82adbdf7214fda357f25ff2c	query	query	project	read	concurrent	agent,mcp,plugin,user,workflow	-	character	molis.subject-reference.v1	molis.subject-context.v1	56056e2eba4c	db343dd77f37	-
characters.update	1	io.molis.work.characters	plugin-install-9118333e82adbdf7214fda357f25ff2c	command	operation	project	write	-	agent,mcp,user,workflow	-	character	-	-	4a1304bc13a6	478e0598d946	-
characters.usages	1	io.molis.work.characters	plugin-install-9118333e82adbdf7214fda357f25ff2c	query	query	project	read	concurrent	agent,mcp,plugin,user	-	-	molis.action-usages.input.v1	molis.action-usages.output.v1	8fc50332e9ea	d6491f838975	-
coding.artifacts.list	1	io.molis.work.coding	plugin-install-9b090ee5406d4f5907d370339bdd8045	query	query	project	read	-	agent,mcp,user,workflow	artifact:read	coding_session	-	-	d746974fa9af	a2c799262a3c	-
coding.artifacts.preview	1	io.molis.work.coding	plugin-install-9b090ee5406d4f5907d370339bdd8045	query	query	project	read	concurrent	user,workflow	artifact:read	artifact	molis.artifacts.preview.request.v1	molis.artifacts.preview.v1	b5dd5a809ad7	3197f1792222	5e0374458cf9
coding.changesets.read	1	io.molis.work.coding	plugin-install-9b090ee5406d4f5907d370339bdd8045	query	query	project	read	-	agent,mcp,user,workflow	artifact:read	coding_session	-	-	251a5e9a8685	a2c799262a3c	-
coding.changesets.save	1	io.molis.work.coding	plugin-install-9b090ee5406d4f5907d370339bdd8045	command	operation	project	write	-	user	artifact:read,artifact:write	coding_session	-	-	993e3b323156	a2c799262a3c	-
coding.plans.confirm	1	io.molis.work.coding	plugin-install-9b090ee5406d4f5907d370339bdd8045	command	operation	project	write	-	user	artifact:read,artifact:write	coding_session	-	-	4aabd3af2f6e	a2c799262a3c	-
coding.plans.read	1	io.molis.work.coding	plugin-install-9b090ee5406d4f5907d370339bdd8045	query	query	project	read	-	agent,mcp,user,workflow	artifact:read	coding_session	-	-	6fcf1e55751d	a2c799262a3c	-
coding.plans.save	1	io.molis.work.coding	plugin-install-9b090ee5406d4f5907d370339bdd8045	command	operation	project	write	-	user	storage:private	coding_session	-	-	4dbe3d6b4778	a2c799262a3c	-
coding.reports.list	1	io.molis.work.coding	plugin-install-9b090ee5406d4f5907d370339bdd8045	query	query	project	read	-	agent,mcp,user,workflow	artifact:read	coding_session	-	-	d746974fa9af	a2c799262a3c	-
coding.reports.read	1	io.molis.work.coding	plugin-install-9b090ee5406d4f5907d370339bdd8045	query	query	project	read	-	agent,mcp,user,workflow	artifact:read	coding_session	-	-	251a5e9a8685	a2c799262a3c	-
coding.reports.save	1	io.molis.work.coding	plugin-install-9b090ee5406d4f5907d370339bdd8045	command	operation	project	write	-	user	artifact:read,artifact:write	coding_session	-	-	993e3b323156	a2c799262a3c	-
coding.runs.control	1	io.molis.work.coding	plugin-install-9b090ee5406d4f5907d370339bdd8045	command	operation	project	write	-	user	-	coding_session	-	-	4dd83c4a83fc	a2c799262a3c	-
coding.runs.list	1	io.molis.work.coding	plugin-install-9b090ee5406d4f5907d370339bdd8045	query	query	project	read	-	agent,mcp,user,workflow	artifact:read	coding_session	-	-	df78a3a805ad	a2c799262a3c	-
coding.runs.start	1	io.molis.work.coding	plugin-install-9b090ee5406d4f5907d370339bdd8045	command	operation	project	write	concurrent	user	artifact:read,storage:private	coding_session	-	-	5939250200b3	a2c799262a3c	613063238287
coding.search.entries	1	io.molis.work.coding	plugin-install-9b090ee5406d4f5907d370339bdd8045	query	query	project	read	concurrent	agent,mcp,plugin,user,workflow	artifact:read	coding_session	molis.search.entries.window.v1	molis.search.entries.page.v1	09d161bb4729	501913bfa17f	29db9185f4f9
coding.sessions.create	1	io.molis.work.coding	plugin-install-9b090ee5406d4f5907d370339bdd8045	command	operation	project	write	-	agent,mcp,user,workflow	storage:private	coding_session	-	-	5da338271f9e	a2c799262a3c	-
coding.sessions.read	1	io.molis.work.coding	plugin-install-9b090ee5406d4f5907d370339bdd8045	query	query	project	read	-	agent,mcp,user,workflow	artifact:read	coding_session	-	-	99b79dcdbfe7	a2c799262a3c	-
coding.sessions.update	1	io.molis.work.coding	plugin-install-9b090ee5406d4f5907d370339bdd8045	command	operation	project	write	-	user	storage:private	coding_session	-	-	4aabd3af2f6e	a2c799262a3c	-
coding.state	1	io.molis.work.coding	plugin-install-9b090ee5406d4f5907d370339bdd8045	query	query	project	read	-	agent,mcp,user,workflow	artifact:read	coding_session	-	-	d746974fa9af	a2c799262a3c	-
coding.subject.read	1	io.molis.work.coding	plugin-install-9b090ee5406d4f5907d370339bdd8045	query	query	project	read	concurrent	agent,mcp,plugin,user,workflow	artifact:read	coding_session	molis.subject-reference.v1	molis.subject-context.v1	56056e2eba4c	db343dd77f37	-
cognia.directory.scan	1	io.molis.work.cognia	io.molis.work.cognia	query	query	home	read	concurrent	agent,mcp,user,workflow	cognia:read-local-files	cognia_material	-	-	e05fc55d8f30	2a9db3372b05	-
cognia.domain.create	1	io.molis.work.cognia	io.molis.work.cognia	command	operation	home	write	-	agent,mcp,user,workflow	cognia:read,cognia:write	cognia_material	-	-	ea4982ee1c39	b749234ee261	-
cognia.domain.delete	1	io.molis.work.cognia	io.molis.work.cognia	command	operation	home	irreversible	-	agent,mcp,user,workflow	cognia:read,cognia:write	cognia_material	-	-	05f552142a78	07a9ad95ba37	-
cognia.domain.update	1	io.molis.work.cognia	io.molis.work.cognia	command	operation	home	write	-	agent,mcp,user,workflow	cognia:read,cognia:write	cognia_material	-	-	9cf5ff5db43d	b749234ee261	-
cognia.draft.archive	1	io.molis.work.cognia	io.molis.work.cognia	command	operation	home	write	-	agent,mcp,user,workflow	cognia:read,cognia:write	cognia_material	-	-	05f552142a78	07a9ad95ba37	-
cognia.draft.get	1	io.molis.work.cognia	io.molis.work.cognia	query	query	home	read	-	agent,mcp,user,workflow	cognia:read	cognia_material	-	-	05f552142a78	9f0142e9a4f6	-
cognia.draft.save	1	io.molis.work.cognia	io.molis.work.cognia	command	operation	home	write	-	agent,mcp,user,workflow	cognia:read,cognia:write	cognia_material	-	-	05f552142a78	91bf0132fe08	-
cognia.files.entries	1	io.molis.work.cognia	io.molis.work.cognia	query	query	home	read	concurrent	user	cognia:read	cognia_material	molis.files.entries.window.v1	molis.files.entries.page.v1	09d161bb4729	fef9b910b93e	0d45eec66e70
cognia.import.cancel	1	io.molis.work.cognia	io.molis.work.cognia	command	operation	home	write	-	agent,mcp,user,workflow	cognia:read,cognia:write	cognia_material	-	-	8ffe27b9dfa9	f15d8376353e	-
cognia.import.commit	1	io.molis.work.cognia	io.molis.work.cognia	command	operation	home	write	-	agent,mcp,user,workflow	cognia:read,cognia:write	cognia_material	-	-	8ffe27b9dfa9	3188bb04c578	-
cognia.import.directory_preview	1	io.molis.work.cognia	io.molis.work.cognia	command	operation	home	write	concurrent	agent,mcp,user,workflow	cognia:read,cognia:read-local-files,cognia:write	cognia_material	-	-	865465fd7c9d	b0aa0debc167	21690c015350
cognia.import.preview	1	io.molis.work.cognia	io.molis.work.cognia	command	operation	home	write	-	agent,mcp,user,workflow	cognia:read,cognia:write	cognia_material	-	-	15307faf8d85	b0aa0debc167	-
cognia.knowledge.query	1	io.molis.work.cognia	io.molis.work.cognia	command	operation	home	write	concurrent	agent,mcp,user,workflow	cognia:read,cognia:write,model:invoke	cognia_material	-	-	299ac878637b	9f0142e9a4f6	613063238287
cognia.knowledge.synthesize	1	io.molis.work.cognia	io.molis.work.cognia	command	operation	home	write	concurrent	agent,mcp,user,workflow	cognia:read,cognia:write,model:invoke	cognia_material	-	-	b59616bf2b6a	9f0142e9a4f6	613063238287
cognia.material.create	1	io.molis.work.cognia	io.molis.work.cognia	command	operation	home	write	-	agent,mcp,user,workflow	cognia:read,cognia:write	cognia_material	-	-	6e1a36fa707c	91bf0132fe08	-
cognia.material.delete	1	io.molis.work.cognia	io.molis.work.cognia	command	operation	home	irreversible	-	agent,mcp,user,workflow	cognia:read,cognia:write	cognia_material	-	-	05f552142a78	07a9ad95ba37	-
cognia.material.download	1	io.molis.work.cognia	io.molis.work.cognia	query	query	home	read	-	agent,mcp,user,workflow	cognia:read	cognia_material	-	-	2f7fc19f1dae	d360fe1e2ac6	-
cognia.material.get	1	io.molis.work.cognia	io.molis.work.cognia	query	query	home	read	-	agent,mcp,user,workflow	cognia:read	cognia_material	-	-	2f7fc19f1dae	cd63930af4d8	-
cognia.material.search	1	io.molis.work.cognia	io.molis.work.cognia	query	query	home	read	-	agent,mcp,user,workflow	cognia:read	cognia_material	-	-	0d9f9e41b891	6a51f8c4729d	-
cognia.material.update	1	io.molis.work.cognia	io.molis.work.cognia	command	operation	home	write	-	agent,mcp,user,workflow	cognia:read,cognia:write	cognia_material	-	-	d8f772aa3e2e	91bf0132fe08	-
cognia.search.entries	1	io.molis.work.cognia	io.molis.work.cognia	query	query	home	read	concurrent	agent,mcp,plugin,user,workflow	cognia:read	cognia_material	molis.search.entries.window.v1	molis.search.entries.page.v1	09d161bb4729	501913bfa17f	d288fd3cf2a7
cognia.source.delete	1	io.molis.work.cognia	io.molis.work.cognia	command	operation	home	irreversible	-	agent,mcp,user,workflow	cognia:read,cognia:write	cognia_material	-	-	05f552142a78	07a9ad95ba37	-
cognia.source.update	1	io.molis.work.cognia	io.molis.work.cognia	command	operation	home	write	-	agent,mcp,user,workflow	cognia:read,cognia:write	cognia_material	-	-	8f1a75f26ca2	e513e2f3dd79	-
cognia.subject.read	1	io.molis.work.cognia	io.molis.work.cognia	query	query	home	read	concurrent	agent,mcp,plugin,user,workflow	cognia:read	cognia_material	molis.subject-reference.v1	molis.subject-context.v1	56056e2eba4c	db343dd77f37	-
cognia.workspace.get	1	io.molis.work.cognia	io.molis.work.cognia	query	query	home	read	-	agent,mcp,user,workflow	cognia:read	cognia_material	-	-	081ac973e68e	1ee1e8f1d0df	-
dataset.artifacts.compare	1	io.molis.work.dataset	io.molis.work.dataset	query	query	project	read	concurrent	user	dataset:read	-	molis.artifacts.compare.request.v1	molis.artifacts.compare.v1	b5dd5a809ad7	3347f6b0970c	5e0374458cf9
dataset.artifacts.continue	1	io.molis.work.dataset	io.molis.work.dataset	command	operation	project	write	-	user	dataset:read,dataset:write	-	molis.artifacts.continue.request.v1	molis.artifacts.continue.v1	b5dd5a809ad7	f38691804ac7	5e0374458cf9
dataset.artifacts.pin	1	io.molis.work.dataset	io.molis.work.dataset	command	operation	project	write	-	agent,mcp,user,workflow	artifact:write,dataset:read,dataset:write	dataset	molis.artifacts.pin.request.v1	molis.artifacts.pin.v1	56056e2eba4c	4637898b30c2	-
dataset.artifacts.preview	1	io.molis.work.dataset	io.molis.work.dataset	query	query	project	read	concurrent	user,workflow	dataset:read	artifact	molis.artifacts.preview.request.v1	molis.artifacts.preview.v1	b5dd5a809ad7	3197f1792222	5e0374458cf9
dataset.columns.add	1	io.molis.work.dataset	io.molis.work.dataset	command	operation	project	write	-	agent,mcp,user,workflow	dataset:read,dataset:write	dataset	-	-	f6b87bc8a930	549d4f550fc5	-
dataset.columns.ai	1	io.molis.work.dataset	io.molis.work.dataset	command	operation	project	write	concurrent	agent,mcp,user,workflow	dataset:read,dataset:write,model:invoke	dataset	-	-	5d14bdb7e4de	549d4f550fc5	613063238287
dataset.content.create	1	io.molis.work.dataset	io.molis.work.dataset	command	operation	project	write	-	agent,mcp,user,workflow	dataset:read,dataset:write	dataset	molis.workflow.content.create.input.v1	molis.workflow.content.create.output.v1	c0f00621ba42	61645e9b2fb4	d4828bf7d3d0
dataset.content.list	1	io.molis.work.dataset	io.molis.work.dataset	query	query	project	read	-	agent,mcp,user,workflow	dataset:read	dataset	molis.workflow.content.list.input.v1	molis.workflow.content.list.output.v1	d746974fa9af	4f4504a9e9ef	0c23ddca23e0
dataset.content.read	1	io.molis.work.dataset	io.molis.work.dataset	query	query	project	read	-	agent,mcp,user,workflow	dataset:read	dataset	molis.workflow.content.read.input.v1	molis.workflow.content.read.output.v1	340e9001c04b	a92de13478a1	b2e60be31a9f
dataset.content.receive	1	io.molis.work.dataset	io.molis.work.dataset	command	operation	project	write	-	agent,mcp,user,workflow	dataset:read,dataset:write	dataset	molis.workflow.content.receive.input.v1	molis.workflow.content.receive.output.v1	2920736853c6	61645e9b2fb4	e623d9578b98
dataset.create	1	io.molis.work.dataset	io.molis.work.dataset	command	operation	project	write	-	agent,mcp,user,workflow	dataset:read,dataset:write	dataset	-	-	65e69d392b84	549d4f550fc5	-
dataset.delete	1	io.molis.work.dataset	io.molis.work.dataset	command	operation	project	irreversible	-	agent,mcp,user,workflow	dataset:read,dataset:write	dataset	-	-	d1f3dac66b98	7606656fb550	-
dataset.export	1	io.molis.work.dataset	io.molis.work.dataset	query	query	project	read	-	agent,mcp,user,workflow	dataset:read	dataset	-	-	61f64d4ce922	78e8629633bd	-
dataset.files.content	1	io.molis.work.dataset	io.molis.work.dataset	query	query	project	read	concurrent	user	dataset:read	dataset	molis.files.content.request.v1	molis.files.content.v1	99b557e4a48f	3197f1792222	3469b780df87
dataset.files.entries	1	io.molis.work.dataset	io.molis.work.dataset	query	query	project	read	concurrent	user	dataset:read	dataset	molis.files.entries.window.v1	molis.files.entries.page.v1	09d161bb4729	fef9b910b93e	b9ddfdedf8b3
dataset.get	1	io.molis.work.dataset	io.molis.work.dataset	query	query	project	read	-	agent,mcp,user,workflow	dataset:read	dataset	-	-	61f64d4ce922	549d4f550fc5	-
dataset.import	1	io.molis.work.dataset	io.molis.work.dataset	command	operation	project	write	-	agent,mcp,user,workflow	dataset:read,dataset:write	dataset	-	-	9dbb87553640	549d4f550fc5	-
dataset.list	1	io.molis.work.dataset	io.molis.work.dataset	query	query	project	read	-	agent,mcp,user,workflow	dataset:read	dataset	-	-	d746974fa9af	f8512c44dbc5	-
dataset.placement.copy	1	io.molis.work.dataset	io.molis.work.dataset	command	operation	project	write	-	user	dataset:read,dataset:write	dataset	molis.placement.copy.input.v1	molis.placement.copy.output.v1	bcfccbaa7e3b	e47dd61b84de	-
dataset.placement.move	1	io.molis.work.dataset	io.molis.work.dataset	command	operation	project	write	-	user	dataset:read,dataset:write	dataset	molis.placement.move.input.v1	molis.placement.move.output.v1	6a51bce6c13b	e47dd61b84de	-
dataset.promote	1	io.molis.work.dataset	io.molis.work.dataset	command	operation	project	write	-	agent,mcp,user,workflow	artifact:write,dataset:read,dataset:write	dataset	-	-	d1f3dac66b98	71b5546ac1fb	-
dataset.rollback	1	io.molis.work.dataset	io.molis.work.dataset	command	operation	project	write	-	agent,mcp,user,workflow	dataset:read,dataset:write	dataset	-	-	8f5b67605b54	549d4f550fc5	-
dataset.search.entries	1	io.molis.work.dataset	io.molis.work.dataset	query	query	project	read	concurrent	agent,mcp,plugin,user,workflow	dataset:read	dataset	molis.search.entries.window.v1	molis.search.entries.page.v1	09d161bb4729	501913bfa17f	3d22ac54d23b
dataset.snapshot	1	io.molis.work.dataset	io.molis.work.dataset	command	operation	project	write	-	agent,mcp,user,workflow	dataset:read,dataset:write	dataset	-	-	4d5333caf836	890975e26ead	-
dataset.subject.read	1	io.molis.work.dataset	io.molis.work.dataset	query	query	project	read	concurrent	agent,mcp,plugin,user,workflow	dataset:read	dataset	molis.subject-reference.v1	molis.subject-context.v1	56056e2eba4c	db343dd77f37	-
dataset.update	1	io.molis.work.dataset	io.molis.work.dataset	command	operation	project	write	-	agent,mcp,user,workflow	dataset:read,dataset:write	dataset	-	-	4a73d891604b	549d4f550fc5	-
dataset.versions	1	io.molis.work.dataset	io.molis.work.dataset	query	query	project	read	-	agent,mcp,user,workflow	dataset:read	dataset	-	-	61f64d4ce922	05bc8d9380e8	-
diff.compare	1	io.molis.work.diff	plugin-install-a2d0547d448030b70d0710e378775d51	query	query	project	read	-	agent,mcp,user,workflow	-	artifact,text	-	-	bcf1467811c5	81d0505be13b	-
diff.state	1	io.molis.work.diff	plugin-install-a2d0547d448030b70d0710e378775d51	query	query	project	read	-	agent,mcp,user,workflow	artifact:read	artifact,text	-	-	fe843abae262	74160b22d155	-
feed.artifacts.preview	1	io.molis.work.feed	io.molis.work.feed	query	query	project	read	concurrent	user,workflow	feed:read	artifact	molis.artifacts.preview.request.v1	molis.artifacts.preview.v1	b5dd5a809ad7	3197f1792222	5e0374458cf9
feed.connections.status	1	io.molis.work.feed	io.molis.work.feed	query	query	project	read	-	user	feed:read	feed_item	-	-	99334726611c	d8bdd2fb0eb4	-
feed.content.list	1	io.molis.work.feed	io.molis.work.feed	query	query	project	read	-	agent,mcp,user,workflow	feed:read	feed_item	molis.workflow.content.list.input.v1	molis.workflow.content.list.output.v1	d746974fa9af	4f4504a9e9ef	d7f62141b39f
feed.content.read	1	io.molis.work.feed	io.molis.work.feed	query	query	project	read	-	agent,mcp,user,workflow	feed:read	feed_item	molis.workflow.content.read.input.v1	molis.workflow.content.read.output.v1	340e9001c04b	a92de13478a1	d4c6bf3e24b2
feed.content.receive	1	io.molis.work.feed	io.molis.work.feed	command	operation	project	write	concurrent	agent,mcp,user,workflow	feed:write	feed_item	molis.workflow.content.receive.input.v1	molis.workflow.content.receive.output.v1	2920736853c6	61645e9b2fb4	81e35a01ccce
feed.goals.context	1	io.molis.work.feed	io.molis.work.feed	query	query	project	read	-	user	feed:read,goals:read	feed_item	-	-	69dea76baae0	c340833cdd90	753b8aee1360
feed.home.events	1	io.molis.work.feed	io.molis.work.feed	query	query	project	read	concurrent	agent,mcp,plugin,user,workflow	feed:read,inbox:read	feed_item,source	molis.home-events.window.v1	molis.home-events.collection.v1	88db02166b7c	6c66039065c7	-
feed.items.disposition	1	io.molis.work.feed	io.molis.work.feed	command	operation	project	write	-	agent,mcp,user,workflow	feed:read,feed:write	feed_item	-	-	a245edc9cb3b	3ec94f5f1dd8	-
feed.items.get	1	io.molis.work.feed	io.molis.work.feed	query	query	project	read	-	user	feed:read	feed_item	-	-	e7b581b16414	0750f455ed65	-
feed.items.inbox	1	io.molis.work.feed	io.molis.work.feed	command	operation	project	write	concurrent	agent,mcp,user,workflow	feed:read,feed:write,inbox:write	feed_item	-	-	db87b605413f	3ec94f5f1dd8	-
feed.items.offers	1	io.molis.work.feed	io.molis.work.feed	query	query	project	read	concurrent	agent,mcp,plugin,user,workflow	feed:read	feed_item	molis.subject-offers.input.v1	molis.subject-offers.output.v1	03d0cfd95e8f	1f8df39bd1f3	1545d19b475b
feed.items.promote	1	io.molis.work.feed	io.molis.work.feed	command	operation	project	write	-	agent,mcp,user,workflow	feed:read,feed:write,goals:read,goals:write	feed_item	-	-	b94602754496	f5dc899fb17e	334f71799707
feed.items.read	1	io.molis.work.feed	io.molis.work.feed	command	operation	project	write	-	agent,mcp,user,workflow	feed:read,feed:write	feed_item	-	-	e7b581b16414	3ec94f5f1dd8	-
feed.items.restore	1	io.molis.work.feed	io.molis.work.feed	command	operation	project	write	-	agent,mcp,user,workflow	feed:read,feed:write	feed_item	-	-	db87b605413f	3ec94f5f1dd8	-
feed.rules.create	1	io.molis.work.feed	io.molis.work.feed	command	operation	project	write	-	agent,mcp,user,workflow	feed:read,feed:write	feed_item,source	-	-	69c6e3c33063	8709a3814411	-
feed.rules.delete	1	io.molis.work.feed	io.molis.work.feed	command	operation	project	irreversible	-	agent,mcp,user,workflow	feed:read,feed:write	feed_item,source	-	-	0f077d535eea	8709a3814411	-
feed.rules.evaluate	1	io.molis.work.feed	io.molis.work.feed	command	operation	project	write	concurrent	agent,mcp,user,workflow	feed:read,feed:write,inbox:write,model:invoke	feed_item,source	-	-	65ecbb991d35	d73b45f94c40	613063238287
feed.rules.judgments	1	io.molis.work.feed	io.molis.work.feed	query	query	project	read	-	agent,mcp,user,workflow	feed:read	feed_item,source	-	-	d746974fa9af	c042d9959de0	-
feed.rules.list	1	io.molis.work.feed	io.molis.work.feed	query	query	project	read	-	agent,mcp,user,workflow	feed:read	feed_item,source	-	-	d746974fa9af	8c9a5d0f01a5	-
feed.rules.preview	1	io.molis.work.feed	io.molis.work.feed	query	query	project	read	-	agent,mcp,user,workflow	feed:read	feed_item,source	-	-	3e8a9533f0c8	b4c96820ee8f	-
feed.rules.preview-judgment	1	io.molis.work.feed	io.molis.work.feed	command	operation	project	write	concurrent	agent,mcp,user,workflow	feed:read,model:invoke	feed_item,source	-	-	6386d1841cc6	626313554454	613063238287
feed.rules.recommendations	1	io.molis.work.feed	io.molis.work.feed	query	query	project	read	-	agent,mcp,user,workflow	feed:read	feed_item,source	-	-	d746974fa9af	d0dacb75e441	-
feed.rules.update	1	io.molis.work.feed	io.molis.work.feed	command	operation	project	write	-	agent,mcp,user,workflow	feed:read,feed:write	feed_item,source	-	-	545f8d52cacd	8709a3814411	-
feed.search.entries	1	io.molis.work.feed	io.molis.work.feed	query	query	project	read	concurrent	agent,mcp,plugin,user,workflow	feed:read	feed_item,source	molis.search.entries.window.v1	molis.search.entries.page.v1	09d161bb4729	501913bfa17f	fdb16a63c291
feed.snapshot	1	io.molis.work.feed	io.molis.work.feed	query	query	project	read	-	user	feed:read	feed_item	-	-	7b1864777f4a	c7434e6ab90c	-
feed.source.subject.read	1	io.molis.work.feed	io.molis.work.feed	query	query	project	read	concurrent	agent,mcp,plugin,user,workflow	feed:read	source	molis.subject-reference.v1	molis.subject-context.v1	56056e2eba4c	db343dd77f37	-
feed.sources.delete	1	io.molis.work.feed	io.molis.work.feed	command	operation	project	irreversible	-	agent,mcp,user	feed:read,feed:write	source	-	-	503bef0aa5f3	09d0f6895b6a	-
feed.sources.disconnect	1	io.molis.work.feed	io.molis.work.feed	command	operation	project	write	-	user	feed:read,feed:write	source	-	-	f293ae89c51f	231558c35fb0	-
feed.sources.enabled	1	io.molis.work.feed	io.molis.work.feed	command	operation	project	write	-	agent,mcp,user	feed:read,feed:write	source	-	-	411840cf45c1	231558c35fb0	-
feed.sources.register	1	io.molis.work.feed	io.molis.work.feed	command	operation	project	write	-	agent,mcp,user	feed:read,feed:write	source	-	-	a669c85e8735	8f9fcf887cf7	-
feed.sources.schedule	1	io.molis.work.feed	io.molis.work.feed	command	operation	project	write	-	agent,mcp,user	feed:read,feed:write	source	-	-	622b7ae793ef	231558c35fb0	-
feed.sources.sync	1	io.molis.work.feed	io.molis.work.feed	command	operation	project	write	concurrent	agent,mcp,user	feed:read,feed:write	source	-	-	d0789667bcb1	a2c799262a3c	613063238287
feed.sources.tick	1	io.molis.work.feed	io.molis.work.feed	command	operation	project	write	concurrent	user	feed:read,feed:write	source	-	-	d746974fa9af	dff0702202c7	613063238287
feed.sources.update	1	io.molis.work.feed	io.molis.work.feed	command	operation	project	write	-	agent,mcp,user	feed:read,feed:write	source	-	-	5d190825301d	231558c35fb0	-
feed.subject.read	1	io.molis.work.feed	io.molis.work.feed	query	query	project	read	concurrent	agent,mcp,plugin,user,workflow	feed:read	feed_item	molis.subject-reference.v1	molis.subject-context.v1	56056e2eba4c	db343dd77f37	-
files.capture	1	io.molis.work.files	plugin-install-4790d5958896dce594cbd88abc496685	command	operation	project	write	-	agent,mcp,user,workflow	artifact:read,artifact:write,storage:private,workspace:read	file,workspace	-	-	940249371292	c41f43b72321	7515ea88e489
files.directory	1	io.molis.work.files	plugin-install-4790d5958896dce594cbd88abc496685	command	operation	project	write	-	agent,mcp,user,workflow	artifact:read,artifact:write,storage:private,workspace:read	file,workspace	-	-	40ac2a5c55a3	c80783239493	7515ea88e489
files.open	1	io.molis.work.files	plugin-install-4790d5958896dce594cbd88abc496685	command	operation	project	write	-	agent,mcp,user,workflow	artifact:read,artifact:write,storage:private,workspace:read	file,workspace	-	-	b42d6789fef9	a7578fe60725	7515ea88e489
files.side.content	1	io.molis.work.files	plugin-install-4790d5958896dce594cbd88abc496685	query	query	project	read	concurrent	user	artifact:read,storage:private,workspace:read	workspace_file	molis.files.content.request.v1	molis.files.content.v1	99b557e4a48f	3197f1792222	6c8381f7d5ac
files.side.entries	1	io.molis.work.files	plugin-install-4790d5958896dce594cbd88abc496685	query	query	project	read	concurrent	user	artifact:read,storage:private,workspace:read	workspace_file	molis.files.entries.window.v1	molis.files.entries.page.v1	09d161bb4729	fef9b910b93e	071537825f66
files.state	1	io.molis.work.files	plugin-install-4790d5958896dce594cbd88abc496685	command	operation	project	write	-	agent,mcp,user,workflow	artifact:read,artifact:write,storage:private	file,workspace	-	-	d746974fa9af	64fbb8544fe6	-
form.answers.import	1	io.molis.work.form	io.molis.work.form	command	operation	project	write	-	agent,mcp,user,workflow	form:read,form:submit	form	-	-	85ece0268c12	e915ed885955	-
form.artifacts.compare	1	io.molis.work.form	io.molis.work.form	query	query	project	read	concurrent	user	form:read	-	molis.artifacts.compare.request.v1	molis.artifacts.compare.v1	b5dd5a809ad7	3347f6b0970c	5e0374458cf9
form.artifacts.continue	1	io.molis.work.form	io.molis.work.form	command	operation	project	write	-	user	form:read,form:write	-	molis.artifacts.continue.request.v1	molis.artifacts.continue.v1	b5dd5a809ad7	f38691804ac7	5e0374458cf9
form.artifacts.pin	1	io.molis.work.form	io.molis.work.form	command	operation	project	write	-	agent,mcp,user,workflow	artifact:write,form:read,form:write	form	molis.artifacts.pin.request.v1	molis.artifacts.pin.v1	56056e2eba4c	4637898b30c2	-
form.artifacts.preview	1	io.molis.work.form	io.molis.work.form	query	query	project	read	concurrent	user,workflow	form:read	artifact	molis.artifacts.preview.request.v1	molis.artifacts.preview.v1	b5dd5a809ad7	3197f1792222	5e0374458cf9
form.close	1	io.molis.work.form	io.molis.work.form	command	operation	project	write	-	agent,mcp,user,workflow	form:read,form:write	form	-	-	d1f3dac66b98	d43039f240f2	-
form.content.create	1	io.molis.work.form	io.molis.work.form	command	operation	project	write	-	agent,mcp,user,workflow	form:read,form:write	form	molis.workflow.content.create.input.v1	molis.workflow.content.create.output.v1	c0f00621ba42	61645e9b2fb4	e7518acebc7e
form.content.list	1	io.molis.work.form	io.molis.work.form	query	query	project	read	-	agent,mcp,user,workflow	form:read	form	molis.workflow.content.list.input.v1	molis.workflow.content.list.output.v1	d746974fa9af	4f4504a9e9ef	e25393192b53
form.content.read	1	io.molis.work.form	io.molis.work.form	query	query	project	read	-	agent,mcp,user,workflow	form:read	form	molis.workflow.content.read.input.v1	molis.workflow.content.read.output.v1	340e9001c04b	a92de13478a1	f69389df9a79
form.content.receive	1	io.molis.work.form	io.molis.work.form	command	operation	project	write	-	agent,mcp,user,workflow	form:read,form:write	form	molis.workflow.content.receive.input.v1	molis.workflow.content.receive.output.v1	2920736853c6	61645e9b2fb4	b210b4b98976
form.create	1	io.molis.work.form	io.molis.work.form	command	operation	project	write	-	agent,mcp,user,workflow	form:read,form:write	form	-	-	65e69d392b84	d43039f240f2	-
form.delete	1	io.molis.work.form	io.molis.work.form	command	operation	project	irreversible	-	agent,mcp,user,workflow	form:read,form:write	form	-	-	d1f3dac66b98	7606656fb550	-
form.fillpage	1	io.molis.work.form	io.molis.work.form	query	query	project	read	-	agent,mcp,user,workflow	form:read	form	-	-	61f64d4ce922	82f6d2cc0549	-
form.get	1	io.molis.work.form	io.molis.work.form	query	query	project	read	-	agent,mcp,user,workflow	form:read	form	-	-	61f64d4ce922	d43039f240f2	-
form.list	1	io.molis.work.form	io.molis.work.form	query	query	project	read	-	agent,mcp,user,workflow	form:read	form	-	-	d746974fa9af	0a09701e8080	-
form.placement.copy	1	io.molis.work.form	io.molis.work.form	command	operation	project	write	-	user	form:read,form:write	form	molis.placement.copy.input.v1	molis.placement.copy.output.v1	bcfccbaa7e3b	e47dd61b84de	-
form.placement.move	1	io.molis.work.form	io.molis.work.form	command	operation	project	write	-	user	form:read,form:write	form	molis.placement.move.input.v1	molis.placement.move.output.v1	6a51bce6c13b	e47dd61b84de	-
form.promote	1	io.molis.work.form	io.molis.work.form	command	operation	project	write	-	agent,mcp,user,workflow	artifact:write,form:read,form:write	form	-	-	d1f3dac66b98	5198d941e6bc	-
form.publish	1	io.molis.work.form	io.molis.work.form	command	operation	project	write	-	agent,mcp,user,workflow	form:read,form:write	form	-	-	d1f3dac66b98	d43039f240f2	-
form.questions.add	1	io.molis.work.form	io.molis.work.form	command	operation	project	write	-	agent,mcp,user,workflow	form:read,form:write	form	-	-	6d373c53dc8f	d43039f240f2	-
form.questions.ai	1	io.molis.work.form	io.molis.work.form	command	operation	project	write	concurrent	agent,mcp,user,workflow	form:read,form:write,model:invoke	form	-	-	5d14bdb7e4de	d43039f240f2	613063238287
form.results	1	io.molis.work.form	io.molis.work.form	query	query	project	read	-	agent,mcp,user,workflow	form:read	form	-	-	61f64d4ce922	0c4f0b7142bf	-
form.results.csv	1	io.molis.work.form	io.molis.work.form	query	query	project	read	-	agent,mcp,user,workflow	form:read	form	-	-	61f64d4ce922	b98ba31d611c	-
form.search.entries	1	io.molis.work.form	io.molis.work.form	query	query	project	read	concurrent	agent,mcp,plugin,user,workflow	form:read	form	molis.search.entries.window.v1	molis.search.entries.page.v1	09d161bb4729	501913bfa17f	8e8475e19e06
form.subject.read	1	io.molis.work.form	io.molis.work.form	query	query	project	read	concurrent	agent,mcp,plugin,user,workflow	form:read	form	molis.subject-reference.v1	molis.subject-context.v1	56056e2eba4c	db343dd77f37	-
form.submit	1	io.molis.work.form	io.molis.work.form	command	operation	project	write	-	agent,mcp,user,workflow	form:read,form:submit	form	-	-	a718c3687b91	8314c48f3182	-
form.update	1	io.molis.work.form	io.molis.work.form	command	operation	project	write	-	agent,mcp,user,workflow	form:read,form:write	form	-	-	37c0823d2f40	d43039f240f2	-
git.conflict	1	io.molis.work.git	plugin-install-1f6466ff32b4232a98f50611ede69465	query	query	project	read	-	agent,mcp,user,workflow	artifact:read,storage:private,workspace:read	git,workspace	-	-	624593ecddca	cbdfeb77ac0e	a7fd75581995
git.operations	1	io.molis.work.git	plugin-install-1f6466ff32b4232a98f50611ede69465	query	query	project	read	-	agent,mcp,user,workflow	artifact:read,storage:private	git,workspace	-	-	d746974fa9af	476e9ece3ed2	-
git.pr-support	1	io.molis.work.git	plugin-install-1f6466ff32b4232a98f50611ede69465	query	query	project	read	-	agent,mcp,user,workflow	artifact:read,storage:private,workspace:read	git,workspace	-	-	d746974fa9af	6acbda275a13	a7fd75581995
git.prepare-index	1	io.molis.work.git	plugin-install-1f6466ff32b4232a98f50611ede69465	command	operation	project	write	-	agent,mcp,user,workflow	artifact:read,artifact:write,storage:private	git,workspace	-	-	f2b96d30b920	18a6c013818d	-
git.prepare-operation	1	io.molis.work.git	plugin-install-1f6466ff32b4232a98f50611ede69465	command	operation	project	write	-	agent,mcp,user,workflow	artifact:read,storage:private	git,workspace	-	-	2f5fb9f11bb7	18a6c013818d	-
git.results	1	io.molis.work.git	plugin-install-1f6466ff32b4232a98f50611ede69465	query	query	project	read	-	agent,mcp,user,workflow	artifact:read,storage:private	git,workspace	-	-	d746974fa9af	d87be8e36d75	-
git.save-result	1	io.molis.work.git	plugin-install-1f6466ff32b4232a98f50611ede69465	command	operation	project	write	-	agent,mcp,user,workflow	artifact:read,artifact:write,storage:private	git,workspace	-	-	d7ec7d486cde	b66ce8af9fe4	-
git.select-diff	1	io.molis.work.git	plugin-install-1f6466ff32b4232a98f50611ede69465	command	operation	project	write	-	agent,mcp,user,workflow	artifact:read,artifact:write,storage:private,workspace:read	git,workspace	-	-	c4bd32d28ada	2bb3bd832cd7	a7fd75581995
git.state	1	io.molis.work.git	plugin-install-1f6466ff32b4232a98f50611ede69465	query	query	project	read	-	agent,mcp,user,workflow	artifact:read,storage:private,workspace:read	git,workspace	-	-	d746974fa9af	b9f53ad34882	a7fd75581995
git.summary	1	io.molis.work.git	plugin-install-1f6466ff32b4232a98f50611ede69465	query	query	project	read	-	agent,mcp,user,workflow	artifact:read,storage:private,workspace:read	git,workspace	-	-	d746974fa9af	1e959873bbba	a7fd75581995
goals.active.set	1	io.molis.work.goals	io.molis.work.goals	command	operation	project	write	-	agent,mcp,user,workflow	goals:write	goal	-	-	86886707b843	42c234eb838f	9a20bdba744a
goals.agreement.set	1	io.molis.work.goals	io.molis.work.goals	command	operation	project	write	-	agent,mcp,user,workflow	goals:write	goal	-	-	70ab2630607a	f1bf38be38a5	9a20bdba744a
goals.archive.set	1	io.molis.work.goals	io.molis.work.goals	command	operation	project	write	-	agent,mcp,user,workflow	goals:write	goal	-	-	73ccf0845250	67ba66bb6252	9a20bdba744a
goals.artifact_inputs.add	1	io.molis.work.goals	io.molis.work.goals	command	operation	project	write	-	agent,mcp,user,workflow	goals:write	goal	-	-	483c0eb70ce1	6f3b34501279	9a20bdba744a
goals.artifact_inputs.list	1	io.molis.work.goals	io.molis.work.goals	query	query	project	read	-	agent,mcp,user,workflow	goals:read	goal	-	-	ca5f7a11f246	7de5615b4397	-
goals.artifact_inputs.pin	1	io.molis.work.goals	io.molis.work.goals	command	operation	project	write	-	agent,mcp,user,workflow	goals:write	goal	-	-	0fcc936e0e34	6f3b34501279	9a20bdba744a
goals.artifact_inputs.remove	1	io.molis.work.goals	io.molis.work.goals	command	operation	project	irreversible	-	agent,mcp,user,workflow	goals:write	goal	-	-	cb9d95abd1d1	ffe64f3e9a62	9a20bdba744a
goals.board.initialize	1	io.molis.work.goals	io.molis.work.goals	command	operation	project	write	-	user	goals:write	goal	-	-	8eaeaa1a5a07	cc75bd7992ca	9a20bdba744a
goals.closure.submit	1	io.molis.work.goals	io.molis.work.goals	command	operation	project	write	-	agent,mcp,user,workflow	goals:write	goal	-	-	f764c470b46e	f6d71465247f	9a20bdba744a
goals.collection.read	1	io.molis.work.goals	io.molis.work.goals	query	query	project	read	-	agent,mcp,user,workflow	goals:read	goal	-	-	d746974fa9af	2b295c72b8d8	-
goals.concerns.apply	1	io.molis.work.goals	io.molis.work.goals	command	operation	project	write	-	agent,mcp,user,workflow	goals:write	goal	-	-	ef44d2e93316	52074553bcfa	9a20bdba744a
goals.contract.read	1	io.molis.work.goals	io.molis.work.goals	query	query	project	read	-	agent,mcp,user,workflow	goals:read	goal	-	-	ca5f7a11f246	9346d2d99196	-
goals.create	1	io.molis.work.goals	io.molis.work.goals	command	operation	project	write	-	agent,mcp,user,workflow	goals:write	goal	-	-	d2d4a79ba4b6	ddb29ddbb8af	9a20bdba744a
goals.decisions.cite	1	io.molis.work.goals	io.molis.work.goals	command	operation	project	write	-	agent,mcp,user,workflow	goals:write	goal	-	-	111d35fe20c4	2b56cfdf0546	9a20bdba744a
goals.decisions.record	1	io.molis.work.goals	io.molis.work.goals	command	operation	project	write	-	user	goals:decide	goal	-	-	b69961e0a805	5514564f0575	9a20bdba744a
goals.decisions.request	1	io.molis.work.goals	io.molis.work.goals	command	operation	project	write	-	agent,mcp,user,workflow	goals:write	goal	-	-	031066f8f69f	f0be2cfbdf36	9a20bdba744a
goals.deliverables.add	1	io.molis.work.goals	io.molis.work.goals	command	operation	project	write	-	agent,mcp,user,workflow	goals:write	goal	-	-	483c0eb70ce1	ee38273a6fc2	9a20bdba744a
goals.deliverables.candidates	1	io.molis.work.goals	io.molis.work.goals	query	query	project	read	-	agent,mcp,user,workflow	goals:read	goal	-	-	ca5f7a11f246	903e200edddc	-
goals.deliverables.list	1	io.molis.work.goals	io.molis.work.goals	query	query	project	read	-	agent,mcp,user,workflow	goals:read	goal	-	-	ca5f7a11f246	f46b18bfa63e	-
goals.deliverables.pin	1	io.molis.work.goals	io.molis.work.goals	command	operation	project	write	-	agent,mcp,user,workflow	goals:write	goal	-	-	0fcc936e0e34	ee38273a6fc2	9a20bdba744a
goals.deliverables.remove	1	io.molis.work.goals	io.molis.work.goals	command	operation	project	irreversible	-	agent,mcp,user,workflow	goals:write	goal	-	-	cb9d95abd1d1	ffe64f3e9a62	9a20bdba744a
goals.directory.read	1	io.molis.work.goals	io.molis.work.goals	query	query	project	read	-	agent,mcp,user,workflow	goals:read	goal	-	-	ca5f7a11f246	0f770ca3aabb	-
goals.document.read	1	io.molis.work.goals	io.molis.work.goals	query	query	project	read	-	agent,mcp,user,workflow	goals:read	goal	-	-	ca5f7a11f246	8bf65d634466	-
goals.events.configure	1	io.molis.work.goals	io.molis.work.goals	command	operation	project	write	-	agent,mcp,user,workflow	goals:write	goal	-	-	75b94487fb81	f9f6505389b6	9a20bdba744a
goals.events.latest	1	io.molis.work.goals	io.molis.work.goals	query	query	project	read	-	agent,mcp,user,workflow	goals:read	goal	-	-	4885e15fa184	e000fb692b56	-
goals.events.list	1	io.molis.work.goals	io.molis.work.goals	query	query	project	read	-	agent,mcp,user,workflow	goals:read	goal	-	-	aa36b75931f1	e000fb692b56	-
goals.events.read	1	io.molis.work.goals	io.molis.work.goals	query	query	project	read	-	agent,mcp,user,workflow	goals:read	goal	-	-	86a2eae02821	16f814c63328	-
goals.events.report	1	io.molis.work.goals	io.molis.work.goals	command	operation	project	write	-	agent,mcp,user,workflow	goals:write	goal	-	-	7e13db31e039	0dc1bead100c	9a20bdba744a
goals.fragment.offers	1	io.molis.work.goals	io.molis.work.goals	query	query	project	read	concurrent	agent,mcp,plugin,user,workflow	goals:read	molis.any-object	molis.fragment-offers.input.v1	molis.fragment-offers.output.v1	0dbe645dfc7a	1e3af5170ce2	e28887c02970
goals.guidance.add	1	io.molis.work.goals	io.molis.work.goals	command	operation	project	write	-	agent,mcp,user,workflow	goals:write	goal	-	-	1650e00d1011	a49fb1a4d66b	9a20bdba744a
goals.guidance.read	1	io.molis.work.goals	io.molis.work.goals	query	query	project	read	-	agent,mcp,user,workflow	goals:read	goal	-	-	d746974fa9af	41715d51de31	-
goals.guidance.update	1	io.molis.work.goals	io.molis.work.goals	command	operation	project	write	-	agent,mcp,user,workflow	goals:write	goal	-	-	dafc23902cbf	976a9a5636ac	9a20bdba744a
goals.history.list	1	io.molis.work.goals	io.molis.work.goals	query	query	project	read	-	agent,mcp,user,workflow	goals:read	goal	-	-	5e52a869a1ba	69f6c270bd9c	-
goals.history.read	1	io.molis.work.goals	io.molis.work.goals	query	query	project	read	-	agent,mcp,user,workflow	goals:read	goal	-	-	3bdf6a878036	d3aef3945f9a	-
goals.inputs.bind	1	io.molis.work.goals	io.molis.work.goals	command	operation	project	write	-	agent,mcp,user,workflow	goals:write	goal	-	-	734cf0dc4644	4f1eadda3e64	9a20bdba744a
goals.inputs.confirm	1	io.molis.work.goals	io.molis.work.goals	command	operation	project	write	-	agent,mcp,user,workflow	goals:write	goal	-	-	3f9dc5d3fbad	a50779e05950	9a20bdba744a
goals.inputs.list	1	io.molis.work.goals	io.molis.work.goals	query	query	project	read	-	agent,mcp,user,workflow	goals:read	goal	-	-	1b72d3bb5995	331050afaef9	-
goals.inputs.release	1	io.molis.work.goals	io.molis.work.goals	command	operation	project	write	-	agent,mcp,user,workflow	goals:write	goal	-	-	13352bb01dc1	946832ab5da4	9a20bdba744a
goals.list	1	io.molis.work.goals	io.molis.work.goals	query	query	project	read	-	agent,mcp,plugin,user,workflow	goals:read	goal	-	-	573ae9304527	480d8bdde906	-
goals.note	1	io.molis.work.goals	io.molis.work.goals	command	operation	project	write	-	agent,mcp,plugin,user,workflow	goals:write	goal	-	-	18b4ad2fcc5a	66058b0bebac	9a20bdba744a
goals.planning.apply	1	io.molis.work.goals	io.molis.work.goals	command	operation	project	write	-	agent,mcp,user,workflow	goals:write	goal	-	-	609e615a25c7	4b6da74f7404	9a20bdba744a
goals.planning.catalog	1	io.molis.work.goals	io.molis.work.goals	query	query	project	read	-	agent,mcp,user,workflow	goals:read	goal	-	-	d746974fa9af	ac9ee5fd74e4	-
goals.planning.graph.check	1	io.molis.work.goals	io.molis.work.goals	query	query	project	read	-	agent,mcp,user,workflow	goals:read	goal	-	-	d746974fa9af	f0f64604bb24	-
goals.planning.impact	1	io.molis.work.goals	io.molis.work.goals	query	query	project	read	-	agent,mcp,user,workflow	goals:read	goal	-	-	bfc7475d1e93	a6b56eac3618	-
goals.planning.personal.list	1	io.molis.work.goals	io.molis.work.goals.home	query	query	home	read	-	agent,mcp,user,workflow	goals:read	planning_method	-	-	d746974fa9af	c30d341c6d5e	-
goals.planning.personal.save	1	io.molis.work.goals	io.molis.work.goals.home	command	operation	home	write	-	user	goals:write	planning_method	-	-	0a722df528dc	4e4953eb8f2e	9a20bdba744a
goals.planning.read	1	io.molis.work.goals	io.molis.work.goals	query	query	project	read	-	agent,mcp,user,workflow	goals:read	goal	-	-	3d887b202020	2ce90e47aa43	-
goals.planning.save	1	io.molis.work.goals	io.molis.work.goals	command	operation	project	write	-	agent,mcp,user,workflow	goals:write	goal	-	-	f737dfbda69f	4b6da74f7404	9a20bdba744a
goals.policy.history	1	io.molis.work.goals	io.molis.work.goals	query	query	project	read	-	agent,mcp,user,workflow	goals:read	goal	-	-	d746974fa9af	c4e5d263bbcd	-
goals.policy.resolve	1	io.molis.work.goals	io.molis.work.goals	query	query	project	read	-	agent,mcp,user,workflow	goals:read	goal	-	-	ca5f7a11f246	31829a58036a	-
goals.policy.save	1	io.molis.work.goals	io.molis.work.goals	command	operation	project	write	-	user	goals:decide	goal	-	-	a82b105b1a93	5eac17749c38	9a20bdba744a
goals.progress.receipt	1	io.molis.work.goals	io.molis.work.goals	query	query	project	read	-	agent,mcp,user,workflow	goals:read	goal	-	-	a8dcbdedbb62	2999a4ca10e3	-
goals.progress.record	1	io.molis.work.goals	io.molis.work.goals	command	operation	project	write	-	agent,mcp,user,workflow	goals:write	goal	-	-	e6e66c23ab23	121467829ab7	9a20bdba744a
goals.relations.add	1	io.molis.work.goals	io.molis.work.goals	command	operation	project	write	-	user	goals:decide	goal	-	-	b860e18c5693	93adc1edc7e9	9a20bdba744a
goals.relations.deactivate	1	io.molis.work.goals	io.molis.work.goals	command	operation	project	write	-	user	goals:decide	goal	-	-	029ff9703508	338f29ad9546	9a20bdba744a
goals.relations.list	1	io.molis.work.goals	io.molis.work.goals	query	query	project	read	-	agent,mcp,user,workflow	goals:read	goal	-	-	fbcf8ea78968	6ff388b12763	-
goals.search.entries	1	io.molis.work.goals	io.molis.work.goals	query	query	project	read	concurrent	agent,mcp,plugin,user,workflow	goals:read	goal	molis.search.entries.window.v1	molis.search.entries.page.v1	09d161bb4729	501913bfa17f	8e6491bdcc28
goals.snapshot.read	1	io.molis.work.goals	io.molis.work.goals	query	query	project	read	-	agent,mcp,user,workflow	goals:read	goal	-	-	d746974fa9af	b2bc535fb214	-
goals.state.read	1	io.molis.work.goals	io.molis.work.goals	query	query	project	read	-	agent,mcp,user,workflow	goals:read	goal	-	-	ca5f7a11f246	44a85190e657	-
goals.subject.read	1	io.molis.work.goals	io.molis.work.goals	query	query	project	read	concurrent	agent,mcp,plugin,user,workflow	goals:read	goal	molis.subject-reference.v1	molis.subject-context.v1	56056e2eba4c	db343dd77f37	-
goals.timeline.list	1	io.molis.work.goals	io.molis.work.goals	query	query	project	read	-	agent,mcp,user,workflow	goals:read	goal	-	-	4885e15fa184	e2921f100e03	-
goals.trash.list	1	io.molis.work.goals	io.molis.work.goals	query	query	project	read	-	agent,mcp,user,workflow	goals:read	goal	-	-	d746974fa9af	5cbd1ffcab55	-
goals.trash.set	1	io.molis.work.goals	io.molis.work.goals	command	operation	project	write	-	agent,mcp,user,workflow	goals:write	goal	-	-	f49258e4d4a0	c75a26d2d5e8	1ae0dcb1ca7b
goals.tree.check	1	io.molis.work.goals	io.molis.work.goals	command	operation	project	write	-	agent,mcp,user,workflow	goals:write	goal	-	-	53a6c1f780ad	57ed46088138	9a20bdba744a
goals.tree.decide	1	io.molis.work.goals	io.molis.work.goals	command	operation	project	write	-	user	goals:decide	goal	-	-	48060aecb8c7	8feefd39dc5b	9a20bdba744a
goals.tree.read	1	io.molis.work.goals	io.molis.work.goals	query	query	project	read	-	agent,mcp,user,workflow	goals:read	goal	-	-	8b806aee7aad	d51688131353	-
goals.tree.submit	1	io.molis.work.goals	io.molis.work.goals	command	operation	project	write	-	agent,mcp,user,workflow	goals:write	goal	-	-	142c25e7d19c	ec42af7be833	9a20bdba744a
goals.work.resume	1	io.molis.work.goals	io.molis.work.goals	command	operation	project	write	-	agent,mcp,user,workflow	goals:write	goal	-	-	f67091d4e5d0	d4193c249847	9a20bdba744a
images.connections.delete	1	io.molis.work.images	io.molis.work.images	command	operation	home	irreversible	-	agent,mcp,user,workflow	images:connections:write	image	-	-	61f64d4ce922	07a9ad95ba37	-
images.connections.list	1	io.molis.work.images	io.molis.work.images	query	query	home	read	-	agent,mcp,user,workflow	images:connections:read	image	-	-	d746974fa9af	9a95a2af9aef	-
images.connections.save	1	io.molis.work.images	io.molis.work.images	command	operation	home	write	-	agent,mcp,user,workflow	images:connections:write	image	-	-	8756692d9699	107b2acf64bf	-
images.files.content	1	io.molis.work.images	io.molis.work.images	query	query	project	read	concurrent	user	images:read	generated_image	molis.files.content.request.v1	molis.files.content.v1	99b557e4a48f	3197f1792222	a1d9a472a44c
images.files.entries	1	io.molis.work.images	io.molis.work.images	query	query	project	read	concurrent	user	images:read	generated_image	molis.files.entries.window.v1	molis.files.entries.page.v1	09d161bb4729	fef9b910b93e	23b2fbd33d62
images.images.read	1	io.molis.work.images	io.molis.work.images	query	query	project	read	-	agent,mcp,user,workflow	images:read	image	-	-	4a55804354b2	299db85913b8	-
images.jobs.cancel	1	io.molis.work.images	io.molis.work.images	command	operation	project	write	-	agent,mcp,user,workflow	images:generate	image	-	-	61f64d4ce922	0bc3a87b0bfa	-
images.jobs.delete	1	io.molis.work.images	io.molis.work.images	command	operation	project	irreversible	-	agent,mcp,user,workflow	images:delete	image	-	-	61f64d4ce922	07a9ad95ba37	-
images.jobs.get	1	io.molis.work.images	io.molis.work.images	query	query	project	read	-	agent,mcp,user,workflow	images:read	image	-	-	61f64d4ce922	0bc3a87b0bfa	-
images.jobs.list	1	io.molis.work.images	io.molis.work.images	query	query	project	read	-	agent,mcp,user,workflow	images:read	image	-	-	d746974fa9af	c0b932c0321f	-
images.jobs.start	1	io.molis.work.images	io.molis.work.images	command	operation	project	write	-	agent,mcp,user,workflow	images:generate	image	-	-	0a4d2fe3c139	0bc3a87b0bfa	613063238287
images.search.entries	1	io.molis.work.images	io.molis.work.images	query	query	project	read	concurrent	agent,mcp,plugin,user,workflow	images:read	image_job	molis.search.entries.window.v1	molis.search.entries.page.v1	09d161bb4729	501913bfa17f	62a8136d3028
images.subject.read	1	io.molis.work.images	io.molis.work.images	query	query	project	read	concurrent	agent,mcp,plugin,user,workflow	images:read	image_job	molis.subject-reference.v1	molis.subject-context.v1	56056e2eba4c	db343dd77f37	-
inbox.actions.prepare	1	io.molis.work.inbox	io.molis.work.inbox	query	query	project	read	concurrent	agent,mcp,plugin,user,workflow	inbox:read	inbox_entry	molis.subject-offers.input.v1	molis.subject-offers.output.v1	03d0cfd95e8f	1f8df39bd1f3	f8ecaca1791c
inbox.content.list	1	io.molis.work.inbox	io.molis.work.inbox	query	query	project	read	-	agent,mcp,user,workflow	feed:read,inbox:read	inbox_entry	molis.workflow.content.list.input.v1	molis.workflow.content.list.output.v1	d746974fa9af	4f4504a9e9ef	0f7cf78e4590
inbox.content.read	1	io.molis.work.inbox	io.molis.work.inbox	query	query	project	read	-	agent,mcp,user,workflow	feed:read,inbox:read	inbox_entry	molis.workflow.content.read.input.v1	molis.workflow.content.read.output.v1	340e9001c04b	a92de13478a1	bccf112297c2
inbox.content.receive	1	io.molis.work.inbox	io.molis.work.inbox	command	operation	project	write	concurrent	agent,mcp,user,workflow	feed:write,inbox:write	inbox_entry	molis.workflow.content.receive.input.v1	molis.workflow.content.receive.output.v1	2920736853c6	61645e9b2fb4	8ab7f1f31d74
inbox.entry.status	1	io.molis.work.inbox	io.molis.work.inbox	command	operation	project	write	-	agent,mcp,user,workflow	inbox:write	inbox_entry	-	-	5a0b5b78623f	da984f50762c	-
inbox.home.events	1	io.molis.work.inbox	io.molis.work.inbox	query	query	project	read	concurrent	agent,mcp,plugin,user,workflow	feed:read,inbox:read	inbox_entry	molis.home-events.window.v1	molis.home-events.collection.v1	88db02166b7c	6c66039065c7	-
inbox.judgment.evaluate	1	io.molis.work.inbox	io.molis.work.inbox	command	operation	project	write	concurrent	agent,mcp,user,workflow	inbox:read,model:invoke	inbox_entry	-	-	93b6aea5428e	c6e021fceb1d	648f4927c312
inbox.judgment.read	1	io.molis.work.inbox	io.molis.work.inbox	query	query	project	read	-	agent,mcp,user,workflow	inbox:read	inbox_entry	-	-	99334726611c	d72da26795a0	-
inbox.judgment.recommendations	1	io.molis.work.inbox	io.molis.work.inbox	query	query	project	read	-	agent,mcp,user,workflow	inbox:read	inbox_entry	-	-	99334726611c	c6e021fceb1d	-
inbox.judgment.write	1	io.molis.work.inbox	io.molis.work.inbox	command	operation	project	write	-	agent,mcp,user,workflow	inbox:write	inbox_entry	-	-	561b3068099c	3bef9ab5352a	-
inbox.list	1	io.molis.work.inbox	io.molis.work.inbox	query	query	project	read	-	agent,mcp,user,workflow	inbox:read	inbox_entry	-	-	99334726611c	7f5cc1d5cc5e	-
inbox.pages.generate	1	io.molis.work.inbox	io.molis.work.inbox	command	operation	project	write	concurrent	agent,mcp,user,workflow	inbox:read,model:invoke,pages:read,pages:write	inbox_entry	-	-	13165df3af7f	9e3528c2bb25	f12fcd895480
inbox.pages.results	1	io.molis.work.inbox	io.molis.work.inbox	query	query	project	read	-	agent,mcp,user,workflow	inbox:read,pages:read	inbox_entry	-	-	99334726611c	7372f0635008	1f00eb723ad7
inbox.search.entries	1	io.molis.work.inbox	io.molis.work.inbox	query	query	project	read	concurrent	agent,mcp,plugin,user,workflow	inbox:read	inbox_entry	molis.search.entries.window.v1	molis.search.entries.page.v1	09d161bb4729	501913bfa17f	eb24cea3731b
inbox.subject.read	1	io.molis.work.inbox	io.molis.work.inbox	query	query	project	read	concurrent	agent,mcp,plugin,user,workflow	inbox:read	inbox_entry	molis.subject-reference.v1	molis.subject-context.v1	56056e2eba4c	db343dd77f37	-
jelly.calendar.list	1	io.molis.work.jelly	io.molis.work.jelly	query	query	home	read	-	agent,mcp,user,workflow	jelly:read	jelly_workspace	-	-	f46e1e6ef6be	87511b1e26fc	-
jelly.calendar.progress	1	io.molis.work.jelly	io.molis.work.jelly	query	query	home	read	-	agent,mcp,user,workflow	jelly:read	jelly_workspace	-	-	bb854a0acb45	7fcdf44fcce1	-
jelly.category.create	1	io.molis.work.jelly	io.molis.work.jelly	command	operation	home	write	-	agent,mcp,user,workflow	jelly:read,jelly:write	jelly_workspace	-	-	d920d4689196	19c72840481e	-
jelly.category.delete	1	io.molis.work.jelly	io.molis.work.jelly	command	operation	home	irreversible	-	agent,mcp,user,workflow	jelly:read,jelly:write	jelly_workspace	-	-	ae7282e014ab	19c72840481e	-
jelly.category.list	1	io.molis.work.jelly	io.molis.work.jelly	query	query	home	read	-	agent,mcp,user,workflow	jelly:read	jelly_workspace	-	-	d746974fa9af	d26bbae73469	-
jelly.category.reorder	1	io.molis.work.jelly	io.molis.work.jelly	command	operation	home	write	-	agent,mcp,user,workflow	jelly:read,jelly:write	jelly_workspace	-	-	1333579b0b8b	19c72840481e	-
jelly.category.update	1	io.molis.work.jelly	io.molis.work.jelly	command	operation	home	write	-	agent,mcp,user,workflow	jelly:read,jelly:write	jelly_workspace	-	-	e6ba9cd7e972	19c72840481e	-
jelly.content.list	1	io.molis.work.jelly	io.molis.work.jelly	query	query	project	read	-	agent,mcp,user,workflow	jelly:read	jelly_note	molis.workflow.content.list.input.v1	molis.workflow.content.list.output.v1	d746974fa9af	4f4504a9e9ef	98c70904190f
jelly.content.read	1	io.molis.work.jelly	io.molis.work.jelly	query	query	project	read	-	agent,mcp,user,workflow	jelly:read	jelly_note	molis.workflow.content.read.input.v1	molis.workflow.content.read.output.v1	340e9001c04b	a92de13478a1	c89210ecad19
jelly.content.receive	1	io.molis.work.jelly	io.molis.work.jelly	command	operation	project	write	-	agent,mcp,user,workflow	jelly:read,jelly:write	jelly_note	molis.workflow.content.receive.input.v1	molis.workflow.content.receive.output.v1	2920736853c6	61645e9b2fb4	38164f60c275
jelly.item.complete	1	io.molis.work.jelly	io.molis.work.jelly	command	operation	home	write	-	agent,mcp,user,workflow	jelly:read,jelly:write	jelly_item	-	-	013ca24f75f5	1e27858dd1e6	82b255b06a96
jelly.item.create	1	io.molis.work.jelly	io.molis.work.jelly	command	operation	home	write	-	agent,mcp,user,workflow	jelly:read,jelly:write	jelly_item	-	-	f528b0192c99	1e27858dd1e6	82b255b06a96
jelly.item.delete	1	io.molis.work.jelly	io.molis.work.jelly	command	operation	home	irreversible	-	agent,mcp,user,workflow	jelly:read,jelly:write	jelly_workspace	-	-	ae7282e014ab	19c72840481e	-
jelly.item.get	1	io.molis.work.jelly	io.molis.work.jelly	query	query	home	read	-	agent,mcp,user,workflow	jelly:read	jelly_workspace	-	-	edf9aab1fda6	f510c70f81b7	-
jelly.item.move	1	io.molis.work.jelly	io.molis.work.jelly	command	operation	home	write	-	agent,mcp,user,workflow	jelly:read,jelly:write	jelly_item	-	-	60a659cecf90	1e27858dd1e6	82b255b06a96
jelly.item.move_many	1	io.molis.work.jelly	io.molis.work.jelly	command	operation	home	write	-	agent,mcp,user,workflow	jelly:read,jelly:write	jelly_workspace	-	-	6472d533d695	19c72840481e	-
jelly.item.notes_to_note	1	io.molis.work.jelly	io.molis.work.jelly	command	operation	home	write	-	agent,mcp,user,workflow	jelly:read,jelly:write	jelly_workspace	-	-	b1a3a258a529	19c72840481e	-
jelly.item.reorder	1	io.molis.work.jelly	io.molis.work.jelly	command	operation	home	write	-	agent,mcp,user,workflow	jelly:read,jelly:write	jelly_workspace	-	-	a0df827b8743	19c72840481e	-
jelly.item.subject.read	1	io.molis.work.jelly	io.molis.work.jelly	query	query	home	read	concurrent	agent,mcp,plugin,user,workflow	jelly:read	jelly_item	molis.subject-reference.v1	molis.subject-context.v1	56056e2eba4c	db343dd77f37	-
jelly.item.update	1	io.molis.work.jelly	io.molis.work.jelly	command	operation	home	write	-	agent,mcp,user,workflow	jelly:read,jelly:write	jelly_item	-	-	b3c38544eef1	1e27858dd1e6	82b255b06a96
jelly.model.configure	1	io.molis.work.jelly	io.molis.work.jelly	command	operation	home	write	-	agent,mcp,user,workflow	jelly:settings	jelly_workspace	-	-	8adc4b172465	d963eead6d35	-
jelly.model.settings	1	io.molis.work.jelly	io.molis.work.jelly	query	query	home	read	-	agent,mcp,user,workflow	jelly:settings	jelly_workspace	-	-	d746974fa9af	d963eead6d35	-
jelly.note.archive	1	io.molis.work.jelly	io.molis.work.jelly	command	operation	home	write	-	agent,mcp,user,workflow	jelly:read,jelly:write	jelly_workspace	-	-	ae7282e014ab	19c72840481e	-
jelly.note.create	1	io.molis.work.jelly	io.molis.work.jelly	command	operation	home	write	-	agent,mcp,user,workflow	jelly:read,jelly:write	jelly_note	-	-	1cf9b1182df3	fde0c80ab0e9	b4b3b9524608
jelly.note.delete	1	io.molis.work.jelly	io.molis.work.jelly	command	operation	home	irreversible	-	agent,mcp,user,workflow	jelly:read,jelly:write	jelly_workspace	-	-	33a7ffedabdc	19c72840481e	-
jelly.note.delete_preview	1	io.molis.work.jelly	io.molis.work.jelly	command	operation	home	write	-	agent,mcp,user,workflow	jelly:read,jelly:write	jelly_workspace	-	-	edf9aab1fda6	b204c5ca334d	5e0374458cf9
jelly.note.export	1	io.molis.work.jelly	io.molis.work.jelly	query	query	home	read	-	agent,mcp,user,workflow	jelly:read	jelly_workspace	-	-	5cf668de19b6	e686c92ca287	-
jelly.note.import	1	io.molis.work.jelly	io.molis.work.jelly	command	operation	home	write	-	agent,mcp,user,workflow	jelly:read,jelly:write	jelly_note	-	-	c1af778fb31c	fde0c80ab0e9	b4b3b9524608
jelly.note.pin	1	io.molis.work.jelly	io.molis.work.jelly	command	operation	home	write	-	agent,mcp,user,workflow	jelly:read,jelly:write	jelly_note	-	-	fa8318b123e3	fde0c80ab0e9	b4b3b9524608
jelly.note.restore	1	io.molis.work.jelly	io.molis.work.jelly	command	operation	home	write	-	agent,mcp,user,workflow	jelly:read,jelly:write	jelly_note	-	-	ae7282e014ab	fde0c80ab0e9	b4b3b9524608
jelly.note.subject.read	1	io.molis.work.jelly	io.molis.work.jelly	query	query	home	read	concurrent	agent,mcp,plugin,user,workflow	jelly:read	jelly_note	molis.subject-reference.v1	molis.subject-context.v1	56056e2eba4c	db343dd77f37	-
jelly.note.update	1	io.molis.work.jelly	io.molis.work.jelly	command	operation	home	write	-	agent,mcp,user,workflow	jelly:read,jelly:write	jelly_note	-	-	2abd7f8a6bab	fde0c80ab0e9	b4b3b9524608
jelly.plan.apply	1	io.molis.work.jelly	io.molis.work.jelly	command	operation	home	write	-	agent,mcp,user,workflow	jelly:read,jelly:write	jelly_workspace	-	-	715bc0a079f5	19c72840481e	-
jelly.plan.generate	1	io.molis.work.jelly	io.molis.work.jelly	command	operation	home	write	concurrent	agent,mcp,user,workflow	jelly:read,model:invoke	jelly_workspace	-	-	c3db3ed4243e	05e76ff7d41d	613063238287
jelly.plan.manual	1	io.molis.work.jelly	io.molis.work.jelly	query	query	home	read	-	agent,mcp,user,workflow	jelly:read	jelly_workspace	-	-	c3db3ed4243e	05e76ff7d41d	-
jelly.redo	1	io.molis.work.jelly	io.molis.work.jelly	command	operation	home	write	-	agent,mcp,user,workflow	jelly:read,jelly:write	jelly_workspace	-	-	0e2fb341a6b4	19c72840481e	-
jelly.relation.attach	1	io.molis.work.jelly	io.molis.work.jelly	command	operation	home	write	-	agent,mcp,user,workflow	jelly:read,jelly:write	jelly_workspace	-	-	82fbd0256868	19c72840481e	-
jelly.relation.detach	1	io.molis.work.jelly	io.molis.work.jelly	command	operation	home	write	-	agent,mcp,user,workflow	jelly:read,jelly:write	jelly_workspace	-	-	82fbd0256868	19c72840481e	-
jelly.relation.reset	1	io.molis.work.jelly	io.molis.work.jelly	command	operation	home	write	-	agent,mcp,user,workflow	jelly:read,jelly:write	jelly_workspace	-	-	33c216ab73ff	19c72840481e	5e0374458cf9
jelly.search	1	io.molis.work.jelly	io.molis.work.jelly	query	query	home	read	-	agent,mcp,user,workflow	jelly:read	jelly_workspace	-	-	849a4d3bcd47	833e43a64cc3	-
jelly.search.entries	1	io.molis.work.jelly	io.molis.work.jelly	query	query	home	read	concurrent	agent,mcp,plugin,user,workflow	jelly:read	jelly_item,jelly_note	molis.search.entries.window.v1	molis.search.entries.page.v1	09d161bb4729	501913bfa17f	07f159ffd816
jelly.series.complete	1	io.molis.work.jelly	io.molis.work.jelly	command	operation	home	write	-	agent,mcp,user,workflow	jelly:read,jelly:write	jelly_item	-	-	c4c80ce6be1c	ff4246b3412c	d9b71e349ec9
jelly.series.create	1	io.molis.work.jelly	io.molis.work.jelly	command	operation	home	write	-	agent,mcp,user,workflow	jelly:read,jelly:write	jelly_item	-	-	9b7f0fd61090	ff4246b3412c	d9b71e349ec9
jelly.series.delete	1	io.molis.work.jelly	io.molis.work.jelly	command	operation	home	irreversible	-	agent,mcp,user,workflow	jelly:read,jelly:write	jelly_workspace	-	-	23f3596eb4ab	19c72840481e	-
jelly.series.update	1	io.molis.work.jelly	io.molis.work.jelly	command	operation	home	write	-	agent,mcp,user,workflow	jelly:read,jelly:write	jelly_item	-	-	84531fdad99b	ff4246b3412c	d9b71e349ec9
jelly.task.complete	1	io.molis.work.jelly	io.molis.work.jelly	command	operation	home	write	-	agent,mcp,user,workflow	jelly:read,jelly:write	jelly_workspace	-	-	519641408f3a	19c72840481e	-
jelly.task.schedule	1	io.molis.work.jelly	io.molis.work.jelly	command	operation	home	write	-	agent,mcp,user,workflow	jelly:read,jelly:write	jelly_item	-	-	a41f3fc2499a	1e27858dd1e6	82b255b06a96
jelly.task.unlink	1	io.molis.work.jelly	io.molis.work.jelly	command	operation	home	write	-	agent,mcp,user,workflow	jelly:read,jelly:write	jelly_workspace	-	-	b7675d79c939	19c72840481e	-
jelly.undo	1	io.molis.work.jelly	io.molis.work.jelly	command	operation	home	write	-	agent,mcp,user,workflow	jelly:read,jelly:write	jelly_workspace	-	-	0e2fb341a6b4	19c72840481e	-
jelly.workspace.export	1	io.molis.work.jelly	io.molis.work.jelly	query	query	home	read	-	agent,mcp,user,workflow	jelly:read	jelly_workspace	-	-	d746974fa9af	da4092e66612	-
jelly.workspace.get	1	io.molis.work.jelly	io.molis.work.jelly	query	query	home	read	-	agent,mcp,user,workflow	jelly:read	jelly_workspace	-	-	d746974fa9af	b66c058debe8	-
jelly.workspace.import	1	io.molis.work.jelly	io.molis.work.jelly	command	operation	home	write	-	agent,mcp,user,workflow	jelly:read,jelly:write	jelly_workspace	-	-	db4a10b30c51	19c72840481e	-
jelly.workspace.import_preview	1	io.molis.work.jelly	io.molis.work.jelly	command	operation	home	write	-	agent,mcp,user,workflow	jelly:read,jelly:write	jelly_workspace	-	-	dbedd33b097c	b204c5ca334d	-
lingguang.content.create	1	io.molis.work.lingguang	io.molis.work.lingguang	command	operation	project	write	-	agent,mcp,user,workflow	lingguang:write	lingguang_spark	molis.workflow.content.create.input.v1	molis.workflow.content.create.output.v1	c0f00621ba42	61645e9b2fb4	007be6c1bb99
lingguang.content.list	1	io.molis.work.lingguang	io.molis.work.lingguang	query	query	project	read	-	agent,mcp,user,workflow	lingguang:read	lingguang_spark	molis.workflow.content.list.input.v1	molis.workflow.content.list.output.v1	d746974fa9af	4f4504a9e9ef	eb256052bbbc
lingguang.content.read	1	io.molis.work.lingguang	io.molis.work.lingguang	query	query	project	read	-	agent,mcp,user,workflow	lingguang:read	lingguang_spark	molis.workflow.content.read.input.v1	molis.workflow.content.read.output.v1	340e9001c04b	a92de13478a1	b2d725b6caa3
lingguang.content.receive	1	io.molis.work.lingguang	io.molis.work.lingguang	command	operation	project	write	-	agent,mcp,user,workflow	lingguang:write	lingguang_spark	molis.workflow.content.receive.input.v1	molis.workflow.content.receive.output.v1	2920736853c6	61645e9b2fb4	410bd1573501
lingguang.conversation.get	1	io.molis.work.lingguang	io.molis.work.lingguang	query	query	project	read	-	agent,mcp,user,workflow	lingguang:read	lingguang_spark	-	-	edf9aab1fda6	ec03007ce56f	-
lingguang.conversation.message	1	io.molis.work.lingguang	io.molis.work.lingguang	command	operation	project	write	concurrent	agent,mcp,user,workflow	lingguang:read,lingguang:write,model:invoke	lingguang_spark	-	-	1144007b8c95	ec03007ce56f	613063238287
lingguang.conversation.open	1	io.molis.work.lingguang	io.molis.work.lingguang	command	operation	project	write	-	agent,mcp,user,workflow	lingguang:read,lingguang:write	lingguang_spark	-	-	9ed2037c1b64	ec03007ce56f	-
lingguang.create	1	io.molis.work.lingguang	io.molis.work.lingguang	command	operation	project	write	-	agent,mcp,user,workflow	lingguang:write	lingguang_spark	-	-	f8f599890bd6	f34da2f39d89	61ff63e15a49
lingguang.discard	1	io.molis.work.lingguang	io.molis.work.lingguang	command	operation	project	write	-	agent,mcp,user,workflow	lingguang:write	lingguang_spark	-	-	6dd454466a12	7606656fb550	-
lingguang.fragment.offers	1	io.molis.work.lingguang	io.molis.work.lingguang	query	query	project	read	concurrent	agent,mcp,plugin,user,workflow	lingguang:read	molis.any-object	molis.fragment-offers.input.v1	molis.fragment-offers.output.v1	0dbe645dfc7a	1e3af5170ce2	04347e3e8c86
lingguang.get	1	io.molis.work.lingguang	io.molis.work.lingguang	query	query	project	read	-	agent,mcp,user,workflow	lingguang:read	lingguang_spark	-	-	edf9aab1fda6	f34da2f39d89	-
lingguang.list	1	io.molis.work.lingguang	io.molis.work.lingguang	query	query	project	read	-	agent,mcp,user,workflow	lingguang:read	lingguang_spark	-	-	d746974fa9af	7784f0bee209	-
lingguang.material.read	1	io.molis.work.lingguang	io.molis.work.lingguang	command	operation	project	write	concurrent	agent,mcp,user,workflow	lingguang:write	lingguang_spark	-	-	5c0b3e3433a8	26ae5fe32fe2	-
lingguang.placement.copy	1	io.molis.work.lingguang	io.molis.work.lingguang	command	operation	project	write	-	user	lingguang:read,lingguang:write	lingguang_spark	molis.placement.copy.input.v1	molis.placement.copy.output.v1	bcfccbaa7e3b	e47dd61b84de	-
lingguang.placement.move	1	io.molis.work.lingguang	io.molis.work.lingguang	command	operation	project	write	-	user	lingguang:read,lingguang:write	lingguang_spark	molis.placement.move.input.v1	molis.placement.move.output.v1	6a51bce6c13b	e47dd61b84de	-
lingguang.search.entries	1	io.molis.work.lingguang	io.molis.work.lingguang	query	query	project	read	concurrent	agent,mcp,plugin,user,workflow	lingguang:read	lingguang_spark	molis.search.entries.window.v1	molis.search.entries.page.v1	09d161bb4729	501913bfa17f	c4fbc6b0c1a3
lingguang.source.read	1	io.molis.work.lingguang	io.molis.work.lingguang	command	operation	project	write	concurrent	agent,mcp,user,workflow	lingguang:write	lingguang_spark	-	-	ac7f5f38b84d	26ae5fe32fe2	-
lingguang.subject.read	1	io.molis.work.lingguang	io.molis.work.lingguang	query	query	project	read	concurrent	agent,mcp,plugin,user,workflow	lingguang:read	lingguang_spark	molis.subject-reference.v1	molis.subject-context.v1	56056e2eba4c	db343dd77f37	-
lingguang.update	1	io.molis.work.lingguang	io.molis.work.lingguang	command	operation	project	write	-	agent,mcp,user,workflow	lingguang:write	lingguang_spark	-	-	c4b761360aaa	f34da2f39d89	-
pages.ai	1	io.molis.work.pages	io.molis.work.pages	command	operation	project	read	concurrent	agent,mcp,user,workflow	model:invoke,pages:read	pages_document	-	-	a09dfbc42319	f4edf42b0b05	613063238287
pages.artifacts.compare	1	io.molis.work.pages	io.molis.work.pages	query	query	project	read	concurrent	user	pages:read	-	molis.artifacts.compare.request.v1	molis.artifacts.compare.v1	b5dd5a809ad7	3347f6b0970c	5e0374458cf9
pages.artifacts.continue	1	io.molis.work.pages	io.molis.work.pages	command	operation	project	write	-	user	pages:read,pages:write	-	molis.artifacts.continue.request.v1	molis.artifacts.continue.v1	b5dd5a809ad7	f38691804ac7	5e0374458cf9
pages.artifacts.pin	1	io.molis.work.pages	io.molis.work.pages	command	operation	project	write	-	agent,mcp,user,workflow	artifact:write,pages:read,pages:write	pages_document	molis.artifacts.pin.request.v1	molis.artifacts.pin.v1	56056e2eba4c	4637898b30c2	-
pages.artifacts.preview	1	io.molis.work.pages	io.molis.work.pages	query	query	project	read	concurrent	user,workflow	pages:read	artifact	molis.artifacts.preview.request.v1	molis.artifacts.preview.v1	b5dd5a809ad7	3197f1792222	5e0374458cf9
pages.artifacts.referrers	1	io.molis.work.pages	io.molis.work.pages	query	query	project	read	-	agent,user	pages:read	-	molis.artifacts.referrers.request.v1	molis.artifacts.referrers.v1	6aa6a79cf3a5	c42898cc4ecf	-
pages.content.create	1	io.molis.work.pages	io.molis.work.pages	command	operation	project	write	-	agent,mcp,user,workflow	pages:write	pages_document	molis.workflow.content.create.input.v1	molis.workflow.content.create.output.v1	c0f00621ba42	61645e9b2fb4	d5ccfbf5cc2f
pages.content.list	1	io.molis.work.pages	io.molis.work.pages	query	query	project	read	-	agent,mcp,user,workflow	pages:read	pages_document	molis.workflow.content.list.input.v1	molis.workflow.content.list.output.v1	d746974fa9af	4f4504a9e9ef	dc514455599d
pages.content.read	1	io.molis.work.pages	io.molis.work.pages	query	query	project	read	-	agent,mcp,user,workflow	pages:read	pages_document	molis.workflow.content.read.input.v1	molis.workflow.content.read.output.v1	340e9001c04b	a92de13478a1	fdf4000279ff
pages.content.receive	1	io.molis.work.pages	io.molis.work.pages	command	operation	project	write	-	agent,mcp,user,workflow	pages:write	pages_document	molis.workflow.content.receive.input.v1	molis.workflow.content.receive.output.v1	2920736853c6	61645e9b2fb4	1c2c7875e7f5
pages.create	1	io.molis.work.pages	io.molis.work.pages	command	operation	project	write	-	agent,mcp,user,workflow	pages:write	pages_document	-	-	75978008212e	151702a670be	a3c23e293c87
pages.delete	1	io.molis.work.pages	io.molis.work.pages	command	operation	project	irreversible	-	agent,mcp,user,workflow	pages:write	pages_document	-	-	61f64d4ce922	7606656fb550	-
pages.discard	1	io.molis.work.pages	io.molis.work.pages	command	operation	project	irreversible	-	agent,mcp,user,workflow	pages:write	pages_document	-	-	53c7b7286799	7606656fb550	-
pages.documents.import	1	io.molis.work.pages	io.molis.work.pages	command	operation	project	write	-	agent,mcp,user,workflow	pages:write	pages_document	-	-	fa54ce0d4550	c46466cf751e	-
pages.extract	1	io.molis.work.pages	io.molis.work.pages	command	operation	project	write	-	agent,mcp,user,workflow	pages:read,pages:write	pages_document	-	-	61f64d4ce922	3aba110c2b07	7dcfaf6b844e
pages.files.content	1	io.molis.work.pages	io.molis.work.pages	query	query	project	read	concurrent	user	pages:read	pages_document	molis.files.content.request.v1	molis.files.content.v1	99b557e4a48f	3197f1792222	b56a7c14404d
pages.files.entries	1	io.molis.work.pages	io.molis.work.pages	query	query	project	read	concurrent	user	pages:read	pages_document	molis.files.entries.window.v1	molis.files.entries.page.v1	09d161bb4729	fef9b910b93e	a424d49b592a
pages.folders.create	1	io.molis.work.pages	io.molis.work.pages	command	operation	project	write	-	agent,mcp,user,workflow	pages:write	pages_document	-	-	4d42d2402641	53c83e6e9d05	-
pages.folders.delete	1	io.molis.work.pages	io.molis.work.pages	command	operation	project	irreversible	-	agent,mcp,user,workflow	pages:write	pages_document	-	-	61f64d4ce922	7606656fb550	-
pages.folders.update	1	io.molis.work.pages	io.molis.work.pages	command	operation	project	write	-	agent,mcp,user,workflow	pages:write	pages_document	-	-	424ee923a16a	53c83e6e9d05	-
pages.fragment.offers	1	io.molis.work.pages	io.molis.work.pages	query	query	project	read	concurrent	agent,mcp,plugin,user,workflow	pages:read	pages_document	molis.fragment-offers.input.v1	molis.fragment-offers.output.v1	0dbe645dfc7a	1e3af5170ce2	4bf184f8a4cc
pages.generate	1	io.molis.work.pages	io.molis.work.pages	command	operation	project	write	concurrent	agent,mcp,user,workflow	model:invoke,pages:read,pages:write	pages_document	-	-	f6cbee7ebf0a	23f94ac83df5	1d602eea3d35
pages.generations.get	1	io.molis.work.pages	io.molis.work.pages	query	query	project	read	-	agent,mcp,user,workflow	pages:read	pages_document	-	-	5680e362f826	39694cb343d5	-
pages.generations.list	1	io.molis.work.pages	io.molis.work.pages	query	query	project	read	-	agent,mcp,user,workflow	pages:read	pages_document	-	-	d746974fa9af	17afe2e911e4	-
pages.get	1	io.molis.work.pages	io.molis.work.pages	query	query	project	read	-	agent,mcp,user,workflow	pages:read	pages_document	-	-	61f64d4ce922	151702a670be	-
pages.import	1	io.molis.work.pages	io.molis.work.pages	command	operation	project	write	concurrent	agent,mcp,user,workflow	pages:write	pages_document	-	-	655cfd917ef9	8b2bcf6330a6	-
pages.import.preview	1	io.molis.work.pages	io.molis.work.pages	query	query	project	read	concurrent	agent,mcp,user,workflow	pages:read	pages_document	-	-	bc1fcee10856	bbae39f51fd7	-
pages.list	1	io.molis.work.pages	io.molis.work.pages	query	query	project	read	-	agent,mcp,user,workflow	pages:read	pages_document	-	-	d746974fa9af	0e27303d97df	-
pages.placement.copy	1	io.molis.work.pages	io.molis.work.pages	command	operation	project	write	-	user	pages:read,pages:write	pages_document	molis.placement.copy.input.v1	molis.placement.copy.output.v1	bcfccbaa7e3b	e47dd61b84de	-
pages.placement.move	1	io.molis.work.pages	io.molis.work.pages	command	operation	project	write	-	user	pages:read,pages:write	pages_document	molis.placement.move.input.v1	molis.placement.move.output.v1	6a51bce6c13b	e47dd61b84de	-
pages.promote	1	io.molis.work.pages	io.molis.work.pages	command	operation	project	write	-	agent,mcp,user,workflow	artifact:write,pages:read,pages:write	pages_document	-	-	ed1059ac7ac1	65f1b2912cb8	7dcfaf6b844e
pages.revert	1	io.molis.work.pages	io.molis.work.pages	command	operation	project	write	-	agent,mcp,user,workflow	pages:write	pages_document	-	-	190b0537912c	151702a670be	7dcfaf6b844e
pages.search.entries	1	io.molis.work.pages	io.molis.work.pages	query	query	project	read	concurrent	agent,mcp,plugin,user,workflow	pages:read	pages_document	molis.search.entries.window.v1	molis.search.entries.page.v1	09d161bb4729	501913bfa17f	0ab4870059a9
pages.subject.read	1	io.molis.work.pages	io.molis.work.pages	query	query	project	read	concurrent	agent,mcp,plugin,user,workflow	pages:read	pages_document	molis.subject-reference.v1	molis.subject-context.v1	56056e2eba4c	db343dd77f37	-
pages.templates	1	io.molis.work.pages	io.molis.work.pages	query	query	project	read	-	agent,mcp,user,workflow	pages:read	pages_document	-	-	d746974fa9af	fb6431a18eae	-
pages.update	1	io.molis.work.pages	io.molis.work.pages	command	operation	project	write	-	agent,mcp,user,workflow	pages:write	pages_document	-	-	64280730d843	0929d7fc067c	4ef8ee9769a2
ppt.artifacts.compare	1	io.molis.work.ppt	io.molis.work.ppt	query	query	project	read	concurrent	user	ppt:read	-	molis.artifacts.compare.request.v1	molis.artifacts.compare.v1	b5dd5a809ad7	3347f6b0970c	5e0374458cf9
ppt.artifacts.continue	1	io.molis.work.ppt	io.molis.work.ppt	command	operation	project	write	-	user	ppt:read,ppt:write	-	molis.artifacts.continue.request.v1	molis.artifacts.continue.v1	b5dd5a809ad7	f38691804ac7	5e0374458cf9
ppt.artifacts.pin	1	io.molis.work.ppt	io.molis.work.ppt	command	operation	project	write	-	agent,mcp,user,workflow	artifact:write,ppt:read,ppt:write	presentation	molis.artifacts.pin.request.v1	molis.artifacts.pin.v1	56056e2eba4c	4637898b30c2	-
ppt.artifacts.preview	1	io.molis.work.ppt	io.molis.work.ppt	query	query	project	read	concurrent	user,workflow	ppt:read	artifact	molis.artifacts.preview.request.v1	molis.artifacts.preview.v1	b5dd5a809ad7	3197f1792222	5e0374458cf9
ppt.content.create	1	io.molis.work.ppt	io.molis.work.ppt	command	operation	project	write	-	agent,mcp,user,workflow	ppt:read,ppt:write	presentation	molis.workflow.content.create.input.v1	molis.workflow.content.create.output.v1	c0f00621ba42	61645e9b2fb4	0eb0973defe1
ppt.content.list	1	io.molis.work.ppt	io.molis.work.ppt	query	query	project	read	-	agent,mcp,user,workflow	ppt:read	presentation	molis.workflow.content.list.input.v1	molis.workflow.content.list.output.v1	d746974fa9af	4f4504a9e9ef	217df643946b
ppt.content.read	1	io.molis.work.ppt	io.molis.work.ppt	query	query	project	read	-	agent,mcp,user,workflow	ppt:read	presentation	molis.workflow.content.read.input.v1	molis.workflow.content.read.output.v1	340e9001c04b	a92de13478a1	8ad6ba961aea
ppt.content.receive	1	io.molis.work.ppt	io.molis.work.ppt	command	operation	project	write	-	agent,mcp,user,workflow	ppt:read,ppt:write	presentation	molis.workflow.content.receive.input.v1	molis.workflow.content.receive.output.v1	2920736853c6	61645e9b2fb4	9c4757115e23
ppt.create	1	io.molis.work.ppt	io.molis.work.ppt	command	operation	project	write	-	agent,mcp,user,workflow	ppt:read,ppt:write	presentation	-	-	65e69d392b84	0b0f8a24eb79	-
ppt.delete	1	io.molis.work.ppt	io.molis.work.ppt	command	operation	project	irreversible	-	agent,mcp,user,workflow	ppt:read,ppt:write	presentation	-	-	d1f3dac66b98	7606656fb550	-
ppt.export	1	io.molis.work.ppt	io.molis.work.ppt	query	query	project	read	-	agent,mcp,user,workflow	ppt:read	presentation	-	-	d1f3dac66b98	197d023b8f9a	-
ppt.files.entries	1	io.molis.work.ppt	io.molis.work.ppt	query	query	project	read	concurrent	user	ppt:read	presentation	molis.files.entries.window.v1	molis.files.entries.page.v1	09d161bb4729	fef9b910b93e	7716cd45153c
ppt.get	1	io.molis.work.ppt	io.molis.work.ppt	query	query	project	read	-	agent,mcp,user,workflow	ppt:read	presentation	-	-	61f64d4ce922	0b0f8a24eb79	-
ppt.list	1	io.molis.work.ppt	io.molis.work.ppt	query	query	project	read	-	agent,mcp,user,workflow	ppt:read	presentation	-	-	d746974fa9af	6515b518b3e8	-
ppt.outline	1	io.molis.work.ppt	io.molis.work.ppt	command	operation	project	write	-	agent,mcp,user,workflow	ppt:read,ppt:write	presentation	-	-	585d33bbb024	ccbfa30b0ad3	-
ppt.outline_ai	1	io.molis.work.ppt	io.molis.work.ppt	command	operation	project	write	concurrent	agent,mcp,user,workflow	model:invoke,ppt:read,ppt:write	presentation	-	-	585d33bbb024	ccbfa30b0ad3	613063238287
ppt.outline_pages	1	io.molis.work.ppt	io.molis.work.ppt	query	query	project	read	-	agent,mcp,user,workflow	pages:read,ppt:read	presentation	-	-	d746974fa9af	0a1aef3296c9	-
ppt.placement.copy	1	io.molis.work.ppt	io.molis.work.ppt	command	operation	project	write	-	user	ppt:read,ppt:write	presentation	molis.placement.copy.input.v1	molis.placement.copy.output.v1	bcfccbaa7e3b	e47dd61b84de	-
ppt.placement.move	1	io.molis.work.ppt	io.molis.work.ppt	command	operation	project	write	-	user	ppt:read,ppt:write	presentation	molis.placement.move.input.v1	molis.placement.move.output.v1	6a51bce6c13b	e47dd61b84de	-
ppt.pptx	1	io.molis.work.ppt	io.molis.work.ppt	query	query	project	read	-	agent,mcp,user,workflow	ppt:read	presentation	-	-	d1f3dac66b98	5425d41619e5	-
ppt.promote	1	io.molis.work.ppt	io.molis.work.ppt	command	operation	project	write	-	agent,mcp,user,workflow	artifact:write,ppt:read,ppt:write	presentation	-	-	d1f3dac66b98	8afd9e20c2eb	-
ppt.search.entries	1	io.molis.work.ppt	io.molis.work.ppt	query	query	project	read	concurrent	agent,mcp,plugin,user,workflow	ppt:read	presentation	molis.search.entries.window.v1	molis.search.entries.page.v1	09d161bb4729	501913bfa17f	d20e2450b394
ppt.subject.read	1	io.molis.work.ppt	io.molis.work.ppt	query	query	project	read	concurrent	agent,mcp,plugin,user,workflow	ppt:read	presentation	molis.subject-reference.v1	molis.subject-context.v1	56056e2eba4c	db343dd77f37	-
ppt.update	1	io.molis.work.ppt	io.molis.work.ppt	command	operation	project	write	-	agent,mcp,user,workflow	ppt:read,ppt:write	presentation	-	-	301ca3c8f52e	0b0f8a24eb79	-
schedule.jobs.enabled	1	io.molis.work.schedule	io.molis.work.schedule	command	operation	project	write	-	agent,mcp,user,workflow	schedule:write	schedule_task	-	-	017a8b3a6dea	94f0313dd382	-
schedule.operations.recover	1	io.molis.work.schedule	io.molis.work.schedule	command	operation	project	write	-	agent,mcp,user,workflow	schedule:write	schedule_task	-	-	101d75fb1fb4	3a6d85c8b680	5e0374458cf9
schedule.reminders.recover	1	io.molis.work.schedule	io.molis.work.schedule	command	operation	project	write	-	agent,mcp,user,workflow	schedule:write	schedule_task	-	-	7d166bfb9194	94f0313dd382	5e0374458cf9
schedule.search.entries	1	io.molis.work.schedule	io.molis.work.schedule	query	query	project	read	concurrent	agent,mcp,plugin,user,workflow	schedule:read	schedule_task	molis.search.entries.window.v1	molis.search.entries.page.v1	09d161bb4729	501913bfa17f	a54d5f58204b
schedule.subject.read	1	io.molis.work.schedule	io.molis.work.schedule	query	query	project	read	concurrent	agent,mcp,plugin,user,workflow	schedule:read	schedule_task	molis.subject-reference.v1	molis.subject-context.v1	56056e2eba4c	db343dd77f37	-
schedule.tasks.archive	1	io.molis.work.schedule	io.molis.work.schedule	command	operation	project	write	-	agent,mcp,user,workflow	schedule:write	schedule_task	-	-	c5014bc04947	56f934900c61	-
schedule.tasks.create	1	io.molis.work.schedule	io.molis.work.schedule	command	operation	project	write	-	agent,mcp,user,workflow	schedule:write	schedule_task	-	-	eba817118f61	2edf54ba4233	-
schedule.tasks.enabled	1	io.molis.work.schedule	io.molis.work.schedule	command	operation	project	write	-	agent,mcp,user,workflow	schedule:write	schedule_task	-	-	cced437a0c98	2edf54ba4233	-
schedule.tasks.list	1	io.molis.work.schedule	io.molis.work.schedule	query	query	project	read	-	agent,mcp,user,workflow	schedule:read	schedule_task	-	-	d746974fa9af	05488850f05e	-
schedule.tasks.open	1	io.molis.work.schedule	io.molis.work.schedule	command	operation	project	write	-	agent,mcp,user,workflow	schedule:write	schedule_task	-	-	c5014bc04947	2edf54ba4233	-
schedule.tasks.update	1	io.molis.work.schedule	io.molis.work.schedule	command	operation	project	write	-	agent,mcp,user,workflow	schedule:write	schedule_task	-	-	607ac319e1be	2edf54ba4233	-
sessions.archive	1	io.molis.work.sessions	io.molis.work.sessions	command	operation	project	write	-	user	sessions:manage	session	-	-	a35b771fd7e4	7a9ef728a0d0	-
sessions.associations.update	1	io.molis.work.sessions	io.molis.work.sessions	command	operation	project	write	-	user	sessions:manage	session	-	-	f99df8677ee3	7a9ef728a0d0	-
sessions.content.read	1	io.molis.work.sessions	io.molis.work.sessions	query	query	project	read	-	agent,mcp,user,workflow	sessions:read	session	-	-	3c059c7f1f2f	4ee7809a3d04	-
sessions.create	1	io.molis.work.sessions	io.molis.work.sessions	command	operation	project	write	-	user	sessions:manage	session	-	-	273d76f64fe3	7a9ef728a0d0	-
sessions.directory.read	1	io.molis.work.sessions	io.molis.work.sessions	query	query	project	read	-	agent,mcp,user,workflow	sessions:read	session	-	-	99334726611c	370ee38438e2	-
sessions.discover	1	io.molis.work.sessions	io.molis.work.sessions	command	operation	project	write	-	user	sessions:manage	session	-	-	eed8515aa417	ffd43e31f0c9	-
sessions.handoffs.cancel	1	io.molis.work.sessions	io.molis.work.sessions	command	operation	project	write	-	user	sessions:manage	session	-	-	03520db85897	a2c799262a3c	-
sessions.handoffs.prepare	1	io.molis.work.sessions	io.molis.work.sessions	command	operation	project	write	-	user	goals:read,sessions:manage	session	-	-	351376b45f78	a2c799262a3c	-
sessions.handoffs.send	1	io.molis.work.sessions	io.molis.work.sessions	command	operation	project	write	-	user	sessions:manage	session	-	-	e7f9a76e172e	a2c799262a3c	-
sessions.handoffs.update	1	io.molis.work.sessions	io.molis.work.sessions	command	operation	project	write	-	user	sessions:manage	session	-	-	e7f9a76e172e	a2c799262a3c	-
sessions.home.events	1	io.molis.work.sessions	io.molis.work.sessions	query	query	project	read	concurrent	agent,mcp,plugin,user,workflow	sessions:read	session	molis.home-events.window.v1	molis.home-events.collection.v1	88db02166b7c	6c66039065c7	-
sessions.list	1	io.molis.work.sessions	io.molis.work.sessions	query	query	project	read	-	agent,mcp,user,workflow	sessions:read	session	-	-	99334726611c	ff4a71dab104	-
sessions.message.read	1	io.molis.work.sessions	io.molis.work.sessions	query	query	project	read	concurrent	agent,mcp,user,workflow	sessions:read	session	-	-	0b5a8b5e86c1	a86edb8197e7	-
sessions.message.retry	1	io.molis.work.sessions	io.molis.work.sessions	command	operation	project	write	concurrent	agent,mcp,user,workflow	sessions:message,sessions:read	session	-	-	0b5a8b5e86c1	a86edb8197e7	-
sessions.message.send	1	io.molis.work.sessions	io.molis.work.sessions	command	operation	project	write	concurrent	agent,mcp,user,workflow	sessions:message,sessions:read	session	-	-	b9c8f3aa9550	a86edb8197e7	-
sessions.resume	1	io.molis.work.sessions	io.molis.work.sessions	command	operation	project	write	-	agent,mcp,user,workflow	sessions:read,sessions:resume	session	-	-	3c059c7f1f2f	0eb9388b57e5	-
sessions.search.entries	1	io.molis.work.sessions	io.molis.work.sessions	query	query	project	read	concurrent	agent,mcp,plugin,user,workflow	sessions:read	session	molis.search.entries.window.v1	molis.search.entries.page.v1	09d161bb4729	501913bfa17f	883e95b9d28c
sessions.subject.read	1	io.molis.work.sessions	io.molis.work.sessions	query	query	project	read	concurrent	agent,mcp,plugin,user,workflow	sessions:read	session	molis.subject-reference.v1	molis.subject-context.v1	56056e2eba4c	db343dd77f37	-
shelf.material-output.read	1	io.molis.work.shelf	plugin-install-7d7b3314323c66d2f0199158cb692678	query	query	project	read	-	agent,mcp,user,workflow	artifact:read	artifact,shelf_item	-	-	d746974fa9af	873febd4bba9	-
shelf.material-output.select	1	io.molis.work.shelf	plugin-install-7d7b3314323c66d2f0199158cb692678	command	operation	project	write	-	agent,mcp,user,workflow	artifact:read,artifact:write	artifact,shelf_item	-	-	95594fd63588	c8e7ccee276b	-
shelf.results.list	1	io.molis.work.shelf	plugin-install-7d7b3314323c66d2f0199158cb692678	query	query	project	read	-	agent,mcp,user,workflow	artifact:read	artifact,shelf_item	-	-	d746974fa9af	e0efe01ef0ab	-
shelf.results.preview	1	io.molis.work.shelf	plugin-install-7d7b3314323c66d2f0199158cb692678	query	query	project	read	-	agent,mcp,user,workflow	artifact:read	artifact,shelf_item	-	-	c8e7ccee276b	f7fcc997d7cb	-
shelf.results.receive	1	io.molis.work.shelf	plugin-install-7d7b3314323c66d2f0199158cb692678	command	operation	project	write	-	user	artifact:read,storage:private	artifact,shelf_item	-	-	924f8506e0d6	5ff76b3a9785	-
text-stats.count	1	io.molis.work.text-stats	plugin-install-d235ca007dcd828cde4b5350e0531131	query	query	project	read	-	agent,mcp,user,workflow	-	artifact,text	-	-	6b295244c544	72c58850fea5	-
text-stats.state	1	io.molis.work.text-stats	plugin-install-d235ca007dcd828cde4b5350e0531131	query	query	project	read	-	agent,mcp,user,workflow	artifact:read	artifact,text	-	-	d746974fa9af	0c27df0b49a9	-
todo.batch.subject.read	1	io.molis.work.todo	io.molis.work.todo	query	query	home	read	concurrent	agent,mcp,plugin,user,workflow	todo:read	todo_batch	molis.subject-reference.v1	molis.subject-context.v1	56056e2eba4c	db343dd77f37	-
todo.changes.revert	1	io.molis.work.todo	io.molis.work.todo	command	operation	home	write	-	agent,mcp,user,workflow	todo:read,todo:write	todo_item	-	-	73cdd3c55c5c	1894a4839274	-
todo.fragment.offers	1	io.molis.work.todo	io.molis.work.todo	query	query	home	read	concurrent	agent,mcp,plugin,user,workflow	todo:read	molis.any-object	molis.fragment-offers.input.v1	molis.fragment-offers.output.v1	0dbe645dfc7a	1e3af5170ce2	a4c2fbf710a5
todo.home.events	1	io.molis.work.todo	io.molis.work.todo	query	query	project	read	concurrent	agent,mcp,plugin,user,workflow	todo:read	todo_item	molis.home-events.window.v1	molis.home-events.collection.v1	88db02166b7c	6c66039065c7	-
todo.item.subject.read	1	io.molis.work.todo	io.molis.work.todo	query	query	home	read	concurrent	agent,mcp,plugin,user,workflow	todo:read	todo_item	molis.subject-reference.v1	molis.subject-context.v1	56056e2eba4c	db343dd77f37	-
todo.items.archive	1	io.molis.work.todo	io.molis.work.todo	command	operation	home	write	-	agent,mcp,user,workflow	todo:read,todo:write	todo_item	-	-	c239beb8a284	4bd0690dc719	117f472341d8
todo.items.batch	1	io.molis.work.todo	io.molis.work.todo	command	operation	home	write	-	agent,mcp,user,workflow	todo:read,todo:write	todo_item	-	-	495b884c6b53	e8593bff5a73	f487d3c1c3b1
todo.items.create	1	io.molis.work.todo	io.molis.work.todo	command	operation	home	write	-	agent,mcp,user,workflow	todo:read,todo:write	todo_item	-	-	412d4814afef	386e7b2a4361	117f472341d8
todo.items.delete	1	io.molis.work.todo	io.molis.work.todo	command	operation	home	irreversible	-	agent,mcp,user,workflow	todo:read,todo:write	todo_item	-	-	5d2933c6808a	e71b9f2f705e	-
todo.items.get	1	io.molis.work.todo	io.molis.work.todo	query	query	home	read	-	agent,mcp,user,workflow	todo:read	todo_item	-	-	de2f7e460673	cf4625fb1124	-
todo.items.link	1	io.molis.work.todo	io.molis.work.todo	command	operation	home	write	-	agent,mcp,user,workflow	todo:read,todo:write	todo_item	-	-	330ea0a1f650	9568f0067c02	117f472341d8
todo.items.list	1	io.molis.work.todo	io.molis.work.todo	query	query	home	read	-	agent,mcp,user,workflow	todo:read	todo_item	-	-	944a9bb89d51	0d8c4008d5f7	-
todo.items.status	1	io.molis.work.todo	io.molis.work.todo	command	operation	home	write	-	agent,mcp,user,workflow	todo:read,todo:write	todo_item	-	-	d082b672deac	4bd0690dc719	117f472341d8
todo.items.update	1	io.molis.work.todo	io.molis.work.todo	command	operation	home	write	-	agent,mcp,user,workflow	todo:read,todo:write	todo_item	-	-	eb8dad0d8f09	4bd0690dc719	117f472341d8
todo.organize.apply	1	io.molis.work.todo	io.molis.work.todo	command	operation	home	write	-	agent,mcp,user,workflow	todo:read,todo:write	todo_batch	-	-	f26430e4b0b5	88b66a890529	3fc4edcb2b53
todo.organize.close	1	io.molis.work.todo	io.molis.work.todo	command	operation	home	write	-	agent,mcp,user,workflow	todo:read,todo:write	todo_batch	-	-	de2f7e460673	8a53b8df2b10	081fd3ba8147
todo.organize.extract	1	io.molis.work.todo	io.molis.work.todo	command	operation	home	write	concurrent	agent,mcp,user,workflow	model:invoke,todo:read,todo:write	todo_batch	-	-	97c27fac18b9	753938e7b877	18db6e299a69
todo.organize.get	1	io.molis.work.todo	io.molis.work.todo	query	query	home	read	-	agent,mcp,user,workflow	todo:read	todo_batch	-	-	de2f7e460673	8a53b8df2b10	-
todo.organize.list	1	io.molis.work.todo	io.molis.work.todo	query	query	home	read	-	agent,mcp,user,workflow	todo:read	todo_batch	-	-	c5b256688466	3023f198be9a	-
todo.placement.move	1	io.molis.work.todo	io.molis.work.todo	command	operation	home	write	-	user	todo:read,todo:write	todo_item	molis.placement.move.input.v1	molis.placement.move.output.v1	6a51bce6c13b	e47dd61b84de	-
todo.reminders.acknowledge	1	io.molis.work.todo	io.molis.work.todo	command	operation	home	write	-	agent,mcp,user,workflow	todo:read,todo:write	todo_item	-	-	de2f7e460673	b6673aa936fe	51d1088c2f17
todo.reminders.due	1	io.molis.work.todo	io.molis.work.todo	query	query	home	read	-	agent,mcp,user,workflow	todo:read	todo_item	-	-	d746974fa9af	1b4c104f6e0b	-
todo.reminders.window	1	io.molis.work.todo	io.molis.work.todo	query	query	home	read	concurrent	user	todo:read	todo_item	molis.reminders.window.v1	molis.reminders.due.v1	d62eaf2932ef	908b335f11ae	-
todo.search.entries	1	io.molis.work.todo	io.molis.work.todo	query	query	home	read	concurrent	agent,mcp,plugin,user,workflow	todo:read	todo_item	molis.search.entries.window.v1	molis.search.entries.page.v1	09d161bb4729	501913bfa17f	89c3108de595
todo.search.project_entries	1	io.molis.work.todo	io.molis.work.todo	query	query	project	read	concurrent	agent,mcp,plugin,user,workflow	todo:read	todo_item	molis.search.entries.window.v1	molis.search.entries.page.v1	09d161bb4729	501913bfa17f	89c3108de595
workflows.create	1	io.molis.work.native.workflows	io.molis.work.native.workflows	command	operation	project	write	concurrent	agent,mcp,user	workflows:write	workflow	-	-	2445ace5f842	3303ab31196b	-
workflows.delete	1	io.molis.work.native.workflows	io.molis.work.native.workflows	command	operation	project	irreversible	concurrent	agent,mcp,user	workflows:write	workflow	-	-	de2f7e460673	7606656fb550	-
workflows.get	1	io.molis.work.native.workflows	io.molis.work.native.workflows	query	query	project	read	concurrent	agent,mcp,user	workflows:read	workflow	-	-	de2f7e460673	3b7e09a7f68a	-
workflows.instances.continue	1	io.molis.work.native.workflows	io.molis.work.native.workflows	command	operation	project	write	concurrent	agent,mcp,user	model:invoke,workflows:write	workflow	-	-	43feed54e062	5339432617f8	613063238287
workflows.instances.get	1	io.molis.work.native.workflows	io.molis.work.native.workflows	query	query	project	read	concurrent	agent,mcp,user	workflows:read	workflow	-	-	de2f7e460673	43624e32412c	-
workflows.instances.preview	1	io.molis.work.native.workflows	io.molis.work.native.workflows	query	query	project	read	concurrent	agent,mcp,user	workflows:read	workflow	-	-	5d3e0e531959	af0d9263fdc4	-
workflows.instances.start	1	io.molis.work.native.workflows	io.molis.work.native.workflows	command	operation	project	write	concurrent	agent,mcp,user	workflows:write	workflow	-	-	d66bb913338e	5339432617f8	-
workflows.instances.stop	1	io.molis.work.native.workflows	io.molis.work.native.workflows	command	operation	project	write	concurrent	agent,mcp,user	workflows:write	workflow	-	-	de2f7e460673	5339432617f8	-
workflows.judgments.list	1	io.molis.work.native.workflows	io.molis.work.native.workflows	query	query	project	read	concurrent	agent,mcp,user	workflows:read	workflow	-	-	d746974fa9af	2459bda23013	-
workflows.list	1	io.molis.work.native.workflows	io.molis.work.native.workflows	query	query	project	read	concurrent	agent,mcp,user	workflows:read	workflow	-	-	d746974fa9af	12fdc69c683a	-
workflows.search.entries	1	io.molis.work.native.workflows	io.molis.work.native.workflows	query	query	project	read	concurrent	agent,mcp,plugin,user,workflow	workflows:read	workflow	molis.search.entries.window.v1	molis.search.entries.page.v1	09d161bb4729	501913bfa17f	74a2f103867c
workflows.stations.items	1	io.molis.work.native.workflows	io.molis.work.native.workflows	query	query	project	read	concurrent	agent,mcp,user	workflows:read	workflow	-	-	e8fc28a49510	753c055b1469	-
workflows.steps.actions	1	io.molis.work.native.workflows	io.molis.work.native.workflows	query	query	project	read	concurrent	agent,mcp,user	workflows:read	workflow	-	-	d746974fa9af	83d4aa2d10f9	-
workflows.subject.read	1	io.molis.work.native.workflows	io.molis.work.native.workflows	query	query	project	read	concurrent	agent,mcp,plugin,user,workflow	workflows:read	workflow	molis.subject-reference.v1	molis.subject-context.v1	56056e2eba4c	db343dd77f37	-
workflows.update	1	io.molis.work.native.workflows	io.molis.work.native.workflows	command	operation	project	write	concurrent	agent,mcp,user	workflows:write	workflow	-	-	939853a736ad	3303ab31196b	-
workflows.usages	1	io.molis.work.native.workflows	io.molis.work.native.workflows	query	query	project	read	concurrent	agent,mcp,plugin,user	workflows:read	-	molis.action-usages.input.v1	molis.action-usages.output.v1	8fc50332e9ea	d6491f838975	-
